street;city
Industri;Jakarta Pusat
Hayam Wuruk;Jakarta Barat
Mayjen Sutoyo;Jakarta Timur
KH Hasyim Ashari;Tangerang
Caman Raya;Bekasi
Kalisari;Jakarta Timur
Tol Lingkar Luar (Cikunir-TMII);
Tol Lingkar Luar (Cilincing-Cikunir);
Mohammad Kahfi 2;Jakarta Selatan
Kemang Raya;Jakarta Selatan
Cinere Raya;Depok
Arteri Kelapa Dua Raya;Jakarta Barat
Jatibening Raya;Bekasi
Bukit Duri Tanjakan;Jakarta Selatan
Pondok Betung Raya;Tangerang Selatan
Duri Kosambi;Jakarta Barat
Fatmawati;Jakarta Selatan
Kemang Utara 9;Jakarta Selatan
Marina Indah;Jakarta Utara
Pangeran Jayakarta;Jakarta Pusat
Utan Kayu;Jakarta Timur
Tipar Cakung;Jakarta Timur
Jalan Raya Bogor;Depok
Benda Raya;Jakarta Barat
Flyover Senen;Jakarta Pusat
HOS Cokroaminoto;Tangerang
Tanjung Duren Raya;Jakarta Barat
Penggilingan;Jakarta Timur
Mohammad Kahfi 1;Jakarta Selatan
Medan Merdeka Timur;Jakarta Pusat
Ciledug Raya;Jakarta Selatan
Kedoya Raya;Jakarta Barat
KH Ahmad Dahlan;Jakarta Selatan
Tanjakan Kembar;Depok
Kebon Kacang 9;Jakarta Pusat
Flyover Buaran;Jakarta Timur
Blvd Barat Kelapa Gading;Jakarta Utara
Jagakarsa;Jakarta Selatan
Flyover Pangeran Tubagus Angke;Jakarta Barat
Tol Cikampek (Cawang-Cikunir);
Jalan Raya Bogor;Jakarta Timur
Tanah Tinggi Timur;Jakarta Pusat
Arah Tol Jkt-Tangerang/Tol Tangerang-Merak/Kb Jeruk;Jakarta Barat
Danau Sunter Selatan;Jakarta Utara
Bahari Raya;Jakarta Utara
Taman Surya Raya;Jakarta Barat
Prof DR Satrio;Jakarta Selatan
Pahlawan Revolusi;Jakarta Timur
Aipda KS Tubun;Jakarta Pusat
Hankam Raya;Bekasi
Panjang Raya;Jakarta Barat
Mitra Sunter Blvd;Jakarta Utara
;Jakarta Utara
Exit Sunter/Kelapa Gading;Jakarta Utara
Trans Yogi;Bekasi
Kincan;Bekasi
Muara Baru;Jakarta Utara
Asia Afrika;Jakarta Pusat
Pondok Kopi;Jakarta Timur
Danau Sunter Barat;Jakarta Utara
Cempaka 5;Jakarta Selatan
Mawar Raya;Jakarta Selatan
KH Wahid Hasyim;Jakarta Pusat
Halim Perdanakusuma;Tangerang
Flyover Kalibata;Jakarta Selatan
Jalan Masjid Nurul Ihsan;Bekasi
Kapuk Cengkareng;Jakarta Barat
Krendang Selatan;Jakarta Barat
Jalan Bendungan Walahar;Jakarta Pusat
Kapuk Kamal Raya;Jakarta Utara
Jatinegara Timur;Jakarta Timur
Flyover Kebon Jeruk;Jakarta Barat
Bungur Besar;Jakarta Pusat
;Kosambi
Haji Samali;Jakarta Selatan
Jalan Madrasah;Jakarta Selatan
Exit 04: TMII/Cipayung/Pondok Gede/Kr Jati;Jakarta Timur
Arah Tol Lingkar Luar/Tanah Kusir/Tol Jagorawi;Jakarta Selatan
N1 Lodan Raya;Jakarta Utara
N1 Yos Sudarso;Jakarta Utara
Underpass Tomang;Jakarta Barat
Pluit Putra;Jakarta Utara
KH Mas Mansyur;Jakarta Pusat
Margonda Raya;Depok
Ciputat Raya;Jakarta Selatan
Kartini Raya;Jakarta Pusat
N1 Perintis Kemerdekaan;Jakarta Timur
Gelagah;Tangerang Selatan
Sultan Agung;Jakarta Selatan
Kapuk Pulo;Jakarta Barat
Rawajati Barat;Jakarta Selatan
Sisingamangaraja;Jakarta Selatan
Pintu Kecil;Jakarta Barat
Perintis;Jakarta Selatan
Puri Indah Raya;Jakarta Barat
Haji Agus Salim;Jakarta Pusat
Kamal Muara;Jakarta Utara
Sunter Kemayoran;Jakarta Utara
Tebet Raya;Jakarta Selatan
Anggrek;Jakarta Selatan
Jalan Kampung Sawah Raya;Bekasi
Pekapuran 8;Jakarta Barat
Laksamana Malahayati;Jakarta Timur
Tambora 4;Jakarta Barat
HR Rasuna Said (Jalur Lambat);Jakarta Selatan
Arteri Permata Hijau;Jakarta Barat
Kelapa Nias Raya;Jakarta Utara
Pesanggrahan;Jakarta Barat
Pulo Gebang Raya;Jakarta Timur
Lebak Bulus Raya;Jakarta Selatan
Perniagaan;Jakarta Barat
N1 Jalan Raya Bekasi;Jakarta Timur
Cibanteng;Jakarta Utara
Diponegoro;Jakarta Pusat
Haji Naman;Jakarta Timur
TB Simatupang;Jakarta Selatan
;Jakarta Pusat
Meruya Ilir Raya;Jakarta Barat
Panjang Cidodol;Jakarta Selatan
N1 Daan Mogot;Jakarta Barat
Tugu Raya;Jakarta Utara
Hang Tuah 7;Jakarta Selatan
Exit Tol Lkr Dalam/Grogol/Tj Priok;Jakarta Utara
Panglima Polim 9;Jakarta Selatan
Pendaratan Ikan;Jakarta Utara
Cakung Cilincing Timur;Jakarta Utara
Pemuda;Bekasi
Masjid Hidayatullah;Jakarta Selatan
Blvd Kelapa Gading;Jakarta Utara
Arah Tj Priok/Kemayoran/Ancol (Lewat Jalan Tol);Jakarta Utara
Tanah Baru;Depok
Darmawangsa 10;Jakarta Selatan
Pahlawan;Tangerang Selatan
Kapten Tendean;Jakarta Selatan
Lapangan Tenis;Jakarta Barat
Cilincing Raya;Jakarta Utara
Epicentrum Utama Raya;Jakarta Selatan
Cakung Cilincing Raya;Jakarta Utara
Prof Joko Sutono;Jakarta Selatan
Meruya Utara;Jakarta Barat
Payangan;Bekasi
Permata Hijau;Jakarta Selatan
Pejaten Barat;Jakarta Selatan
Flyover Grogol;Jakarta Barat
Cempaka Raya;Jakarta Selatan
Arah Tangerang/Cilegon/Merak;Jakarta Barat
Sumur Bor Raya;Jakarta Barat
Raden Saleh;Tangerang
Flyover Pasar Pagi;Jakarta Barat
KH Zainul Arifin;Jakarta Barat
Haji Usman;Depok
Hidup Baru;Jakarta Utara
Rawa Jati;Depok
Flyover Cilincing Raya;Jakarta Utara
Swadaya Raya;Jakarta Timur
Pancoran Timur;Jakarta Selatan
Keamanan;Jakarta Barat
Jatiwaringin Raya;Jakarta Timur
Haji Nawi Raya;Jakarta Selatan
Kemang Selatan 9A;Jakarta Selatan
Jalan Raya Kebayoran Lama;Jakarta Selatan
Bintara Jaya;Bekasi
Cipeucang 1;Jakarta Utara
Jambore;Depok
Otto Iskandardinata 3;Jakarta Timur
Kranggan Raya;Bekasi
Trunojoyo;Jakarta Selatan
Bukit Cinere;Depok
Bumi;Jakarta Selatan
Musi;Jakarta Pusat
Tol Jakarta-Tangerang;
Abdul Muis;Jakarta Pusat
;Jakarta Selatan
N1 Daan Mogot;Tangerang
Kedondong;Jakarta Timur
Kalibaru Barat;Bekasi
Mampang Prapatan;Jakarta Selatan
Letjen Suprapto (Jalur Lambat);Jakarta Pusat
Kresek Raya;Jakarta Barat
Arah Cilangkap/TMII/Ceger/Cipayung;Jakarta Timur
Kedoya Pesing;Jakarta Barat
Tanah Kusir;Jakarta Selatan
H Benyamin Sueb (Jalur Lambat);Jakarta Pusat
Tol Lingkar Luar (TMII-Cikunir);
Cempaka Putih Raya;Jakarta Pusat
Semanan Raya;Jakarta Barat
Exit Cakung/Pulo Gebang/Pulo Gadung;Jakarta Timur
Jalan Raya Dadap;Jakarta Utara
Kalimalang;Jakarta Timur
Lapangan Tembak - Cibubur Raya;Jakarta Timur
Griya Utama;Jakarta Pusat
Jatiwaringin Raya;Bekasi
Kapuk Raya;Jakarta Barat
Bintaro Permai;Jakarta Selatan
Karang Tengah Raya;Jakarta Selatan
Jatiranggon;Bekasi
KH Noer Ali;Bekasi
Panjang Cipulir;Jakarta Selatan
Krukut Raya;Depok
N1 Sultan Agung;Bekasi
Percetakan Negara;Jakarta Pusat
Bukit Duri Barat;Jakarta Selatan
Danau Sunter Utara;Jakarta Utara
Alur Laut;Jakarta Utara
KH Hasyim Ashari;Jakarta Pusat
Pasar Pagi;Jakarta Barat
;Tangerang
Garuda;Tangerang
Cirendeu Raya;Tangerang Selatan
N1 Flyover Daan Mogot;Jakarta Barat
Tebet Timur Dalam;Jakarta Selatan
Pancoran;Jakarta Barat
Pondok Pinang Raya;Jakarta Selatan
Exit Sunda Kelapa/Glodok;Jakarta Utara
Gedong Panjang;Jakarta Barat
Pluit Karang Cantik;Jakarta Utara
KH Ahmad Dahlan;Tangerang
Letjen S Parman;Jakarta Barat
Kampung Gusti;Jakarta Utara
;Jakarta Barat
Veteran;Jakarta Pusat
Tebet Barat Dalam 9;Jakarta Selatan
N6 Gelora 1;Jakarta Pusat
Kebon Kacang 30;Jakarta Pusat
Tol Kuningan-Semanggi;
Taman Ratu Raya;Jakarta Barat
Tebet Barat 9;Jakarta Selatan
Balai Pustaka Timur;Jakarta Timur
Duren Tiga Raya;Jakarta Selatan
N1 Enggano;Jakarta Utara
Utama Raya;Jakarta Barat
KH Samanhudi;Jakarta Pusat
Ahmad Yani;Jakarta Timur
Tanjung Duren Barat 1;Jakarta Barat
Mega Kuningan;Jakarta Selatan
Jalan Raya Dadap;Kosambi
Cipete Raya;Jakarta Selatan
Kebon Kacang 11;Jakarta Pusat
Kramat Pela;Jakarta Selatan
Duri Raya;Jakarta Barat
Kalibata Raya;Jakarta Selatan
Underpass Kuningan;Jakarta Selatan
Pangeran Tubagus Angke;Jakarta Barat
Kebon Jeruk Raya;Jakarta Barat
Pasar Kecapi;Bekasi
Danau Sunter Selatan Dalam;Jakarta Utara
arah Tol Jakarta-Cikampek/Bekasi Barat/Karawang Barat;Bekasi
Widya Chandra 8;Jakarta Selatan
Kolonel Soegiono;Jakarta Timur
Pancoran Timur 2;Jakarta Selatan
Tol Pelabuhan;
Mangga Besar 13;Jakarta Pusat
Pondok Gede Raya;Jakarta Timur
Brigjen Katamso;Jakarta Barat
Tomang Raya;Jakarta Barat
Komodor Halim Perdanakusuma;Jakarta Timur
Daan Mogot;Jakarta Barat
Meruya Selatan;Jakarta Barat
Asem Baris;Jakarta Selatan
Cipinang Cempedak 3;Jakarta Timur
Condet Raya;Jakarta Timur
Flyover Klender;Jakarta Timur
Denpasar Raya;Jakarta Selatan
Duren Tiga Selatan;Jakarta Selatan
Kuningan Barat;Jakarta Selatan
Pramuka;Jakarta Pusat
Pinangsia Timur;Jakarta Barat
Ragunan Raya;Jakarta Selatan
Pademangan 4;Jakarta Utara
Kebon Kacang;Jakarta Pusat
WR Supratman;Tangerang Selatan
Pejagalan 1;Jakarta Barat
Akses Marunda;Jakarta Utara
Ekor Kuning;Jakarta Utara
Haji Soleh 1;Jakarta Barat
Kerja Bakti;Jakarta Timur
Tipar Cakung;Jakarta Utara
Jenderal Sudirman;Jakarta Selatan
Ampera Raya;Jakarta Selatan
Blvd Artha Gading;Jakarta Utara
Basuki Rachmat;Jakarta Timur
Atang Sanjaya;Tangerang
Tebet Barat Dalam;Jakarta Selatan
Prof Dr Supomo;Jakarta Selatan
Lingkar Luar Barat;Jakarta Barat
Peta Utara;Jakarta Barat
Tol Cikampek (Cikunir-Cikarang);
Pasar Minggu Raya;Jakarta Selatan
Gatot Subroto;Jakarta Selatan
Pluit Raya;Jakarta Utara
Lebak Bulus 1;Jakarta Selatan
Pejompongan;Jakarta Pusat
Pantai Indah Barat;Jakarta Utara
Arteri Permata Hijau;Jakarta Selatan
Barito 1;Jakarta Selatan
KRT Radjiman Widyodiningrat;Jakarta Timur
Gempol;Jakarta Timur
Kyai Maja;Jakarta Selatan
RA Kartini;Jakarta Selatan
Pakembangan;Jakarta Barat
Kayu Putih Raya;Jakarta Timur
Karet Haji Abdul Jalil;Jakarta Pusat
Pos Pengumben Raya;Jakarta Barat
Palmerah Utara;Jakarta Barat
Jatibening;Bekasi
Peta Selatan;Jakarta Barat
Joglo Raya;Jakarta Barat
Siaga Raya;Jakarta Selatan
Bandengan Selatan;Jakarta Utara
Flyover Roxy;Jakarta Pusat
Haji Montong;Jakarta Selatan
Tanjung Duren Timur 2;Jakarta Barat
Arah Bekasi/Cikampek/Bandung;Bekasi
Matraman Raya;Jakarta Timur
KH Moh Mansyur;Jakarta Barat
Gerbang Tol Tebet 2;Jakarta Selatan
Warung Jati Timur;Jakarta Selatan
Tol Prof Dr Ir Sedyatmo;
Bungur 2;Jakarta Selatan
Kramat;Jakarta Selatan
Radin Inten 2;Jakarta Timur
Gandaria 1;Jakarta Selatan
Jatibaru;Jakarta Barat
Puri Kencana;Jakarta Barat
N1 Jembatan Tiga;Jakarta Utara
Jenderal Sudirman;Jakarta Pusat
Tol Lingkar Luar Barat;
Pegangsaan Dua;Jakarta Utara
RC Veteran;Jakarta Selatan
Jalan Kampung Pondok Melati;Bekasi
Karet Pedurenan;Jakarta Selatan
N6 Teuku Nyak Arif;Jakarta Selatan
Flyover Patal Senayan;Jakarta Selatan
Griya Agung;Jakarta Utara
Bangun Cipta Sarana;Jakarta Utara
Arah Soekarno-Hatta/Kapuk Muara/Kamal/Tol Lkr Luar Barat;Jakarta Utara
Cakung Cilincing Timur;Jakarta Timur
;Bekasi
;Depok
Cipinang Muara 3;Jakarta Timur
Pluit Karang Timur;Jakarta Utara
Flyover Tapal Kuda Lenteng Agung;Jakarta Selatan
AM Sangaji;Jakarta Pusat
Jembatan Besi;Jakarta Barat
Salemba Raya;Jakarta Pusat
Arah Tol Lingkar Dalam/Pluit/Semanggi;Jakarta Barat
Tebet Barat 1;Jakarta Selatan
Sakti Raya;Jakarta Barat
Wolter Monginsidi;Jakarta Selatan
Husein Sastranegara;Tangerang
DI Panjaitan;Jakarta Timur
Brigif;Jakarta Selatan
Ceger Raya;Tangerang Selatan
Casablanca;Jakarta Selatan
Rawa Belong;Jakarta Barat
Arjuna Utara;Jakarta Barat
Jalan Cikajang;Jakarta Selatan
Salemba Tengah;Jakarta Pusat
Flyover Pancoran;Jakarta Selatan
Arah Tanah Kusir/Serpong (Lewat Jalan Tol);Jakarta Selatan
Palmerah Barat;Jakarta Barat
Patriot;Bekasi
N6 Metro Pondok Indah;Jakarta Selatan
MH Thamrin;Jakarta Pusat
Lenteng Agung Barat;Jakarta Selatan
Satu Maret;Jakarta Barat
Cilincing Landak;Jakarta Utara
Karet Gusuran 3;Jakarta Selatan
Jatibaru;Jakarta Pusat
Puri Mutiara;Jakarta Selatan
N6 Underpass Sultan Iskandar Muda;Jakarta Selatan
Exit 05: Daan Mogot/Rawa Buaya/Kalideres;Jakarta Barat
Denpasar Selatan;Jakarta Selatan
HOS Cokroaminoto;Jakarta Pusat
Kemanggisan Raya;Jakarta Barat
Raden Fatah;Tangerang
Haji Juhri;Jakarta Barat
Ki Hajar Dewantara;Tangerang
Manggarai Utara 2;Jakarta Selatan
Gatot Subroto;Jakarta Pusat
Radar AURI;Depok
Cililitan Besar;Jakarta Timur
Tol Ulujami-Serpong;
Latuharhari;Jakarta Pusat
Warung Jati Barat;Jakarta Selatan
Tambak;Jakarta Pusat
Gerbang Tol Ancol Timur;Jakarta Utara
Squadron;Jakarta Timur
I Gusti Ngurah Rai;Jakarta Timur
Dr Saharjo;Jakarta Selatan
Pemuda;Jakarta Timur
Tol Tebet-Kuningan;
Perimeter Utara;Tangerang
Deplu Raya;Jakarta Selatan
Percetakan Negara 1;Jakarta Pusat
Ki Mangunsarkoro;Jakarta Pusat
Perancis;Kosambi
Arjuna Selatan;Jakarta Barat
Gunung Sahari;Jakarta Pusat
Kalibata Tengah;Jakarta Selatan
Bendungan Hilir;Jakarta Pusat
Kembangan Baru;Jakarta Barat
Exit 03: Kebon Jeruk/Kedoya;Jakarta Barat
Pancoran Barat 7;Jakarta Selatan
Teuku Cik Ditiro;Jakarta Pusat
Kyai Caringin;Jakarta Pusat
Rorotan Babek;Jakarta Utara
Pejaten Raya;Jakarta Selatan
Ratu Kemuning;Jakarta Barat
Penjernihan 2;Jakarta Pusat
HBR Motik;Jakarta Utara
Kamal Raya;Jakarta Barat
Srengseng Raya;Jakarta Barat
Otto Iskandardinata;Jakarta Timur
Pos Pengumben Lama;Jakarta Barat
Cideng Barat;Jakarta Pusat
Arah Kebon Jeruk/Tangerang/Karawaci/Merak (Lewat Jalan Tol);Jakarta Barat
Bekasi Barat Raya;Jakarta Timur
Alternatif JORR Tol Jatiwarna;Bekasi
Mampang Prapatan 7;Jakarta Selatan
N1 Pluit Selatan Raya;Jakarta Utara
KKN;Jakarta Selatan
Tol Jagorawi;
Jenderal Polisi Soekanto;Jakarta Timur
Lenteng Agung Timur;Jakarta Selatan
Tebet Timur Raya;Jakarta Selatan
Guru Mughni;Jakarta Selatan
TB Simatupang;Jakarta Timur
Paus;Jakarta Timur
Tanah Pasir;Jakarta Utara
Inspeksi Kali Item;Jakarta Pusat
Kali Baru Timur 9;Jakarta Utara
Pati Unus;Jakarta Selatan
KH Zainul Arifin;Jakarta Pusat
Jati Makmur;Bekasi
Mandara Permai 7;Jakarta Utara
Tebet Barat Raya;Jakarta Selatan
Kebon Sirih;Jakarta Pusat
Surya Wijaya;Jakarta Barat
Srikaya 1;Jakarta Pusat
Slamet Riyadi;Jakarta Timur
PLN Gandul;Depok
Jalan F (Kebon Baru);Jakarta Utara
Pondok Kelapa Raya;Jakarta Timur
Sultan Iskandar Muda;Jakarta Selatan
Cilangkap Raya;Jakarta Timur
Kemang Selatan;Jakarta Selatan
Gandaria Tengah 3;Jakarta Selatan
Haji Saikin;Jakarta Selatan
Pedongkelan Raya;Jakarta Barat
Flyover Kampung Melayu;Jakarta Timur
Budi Kemuliaan;Jakarta Pusat
Gerbang Tol Semanggi 1;Jakarta Selatan
Kemang Timur Raya;Jakarta Selatan
Jalan Bugis;Jakarta Utara
Inspeksi Kanal Timur;Bekasi
Teluk Gong Raya;Jakarta Utara
Gaharu 1;Jakarta Selatan
Pakubuwono 6;Jakarta Selatan
Menteng Terusan;Jakarta Utara
Pantai Indah Kapuk Blvd;Jakarta Utara
Artha Gading Selatan;Jakarta Utara
Gerbang Tol Pondok Gede Timur;Bekasi
Flyover Gatot Subroto;Jakarta Selatan
;Jakarta Timur
Komjen Pol M Jasin;Depok
KH Muh Syafi'i Hadzami;Jakarta Selatan
Bangka Raya;Jakarta Selatan
Cipinang Muara;Jakarta Timur
Tanjung Duren Utara 4;Jakarta Barat
Gereja;Jakarta Timur
Kesehatan;Jakarta Pusat
Gerbang Tol Podomoro;Jakarta Utara
Haji Muchtar Raya;Jakarta Barat
Inspeksi Banjir Kanal Timur;Jakarta Timur
Mesjid Al Huda;Jakarta Selatan
Tanah Abang 2;Jakarta Pusat
Jalan Galunggung;Jakarta Selatan
Gandul Raya;Depok
SCBD;Jakarta Selatan
Limo Raya;Depok
Haji Batong Raya;Jakarta Selatan
Tebet Timur Dalam 11;Jakarta Selatan
Melawai Raya;Jakarta Selatan
Menteng Pulo;Jakarta Selatan
Kampung Melayu;Jakarta Timur
Kramat Raya;Jakarta Pusat
Sunter Jaya Timur;Jakarta Utara
Bekasi Timur 6;Jakarta Timur
Arah Kapuk/Tol Sediyatmo/Soekarno-Hatta;Jakarta Utara
MT Haryono;Jakarta Timur
Jalan Raya Jambore;Jakarta Timur
Kota Bambu Utara;Jakarta Barat
Pantai Indah Utara 2;Jakarta Utara
Arah Stasiun Jatinegara/Klender;Jakarta Timur
Sirsak;Jakarta Selatan
Jatinegara Barat;Jakarta Timur
Pattimura;Jakarta Selatan
Arah Kb Jeruk/Tol Jkt-Tangerang/Tol Tangerang-Merak;Jakarta Barat
Arah Tegal Alur/Rawa Bokor/Prepedan;Tangerang
I Gusti Ngurah Rai;Bekasi
Haji Ahmad Bakrie Timur;Jakarta Selatan
Bintara Raya;Bekasi
Penjernihan 1;Jakarta Pusat
Cengkareng Golf Club;Tangerang
Radio Dalam Raya;Jakarta Selatan
Pejuangan;Jakarta Barat
Patal Senayan 1;Jakarta Selatan
Pintu Satu Senayan;Jakarta Pusat
Raden Patah;Jakarta Selatan
Raden Saleh;Jakarta Pusat
Taman Brawijaya 2;Jakarta Selatan
Arah Tol Jkt-Cikampek/Tol Lkr Dalam/Cawang;Bekasi
Kelapa Dua Wetan;Jakarta Timur
Teuku Nyak Arif;Jakarta Selatan
N1 Jalan Raya Bekasi;Bekasi
Kembang Kerep;Jakarta Barat
Jalan Mabes Hankam;Jakarta Timur
Serdang Baru 3;Jakarta Pusat
Flyover Karet Bivak;Jakarta Pusat
Setu Cipayung;Jakarta Timur
KH Syahdan;Jakarta Barat
Kemang Utara;Jakarta Selatan
Ceger Raya;Jakarta Timur
Tol Tanjung Priok;
Gelong Baru Utara;Jakarta Barat
Inspeksi Ujung Menteng;Jakarta Timur
Exit 07: Kembangan/Meruya/Duri Kosambi;Jakarta Barat
Flyover Simprug;Jakarta Selatan
Budi Mulia Raya;Jakarta Utara
Bendungan Jago;Jakarta Pusat
Arah Tol Jkt-Cikampek/Bekasi Barat/Karawang Barat;Bekasi
Exit Jati Warna/Kranggan;Bekasi
Putri Tunggal;Depok
Jalan B (Teluk Gong);Jakarta Utara
Muara Baru Pompa;Jakarta Utara
Kramat Jaya Raya;Jakarta Utara
Ratu Melati;Jakarta Barat
Kayu Tinggi;Jakarta Timur
Buaran Raya;Jakarta Timur
Benda Atas;Jakarta Selatan
Bojong Raya;Jakarta Barat
Ciracas Raya;Jakarta Timur
Haji Maulana Hasanudin;Tangerang
N1 Satria;Jakarta Barat
Kembangan Selatan;Jakarta Barat
Exit Halim/Kalimalang;Jakarta Timur
DR Cipto Mangunkusumo;Tangerang
Trans Yogi;Depok
Sunter Jaya Barat;Jakarta Utara
Cideng Timur;Jakarta Pusat
Kincan Raya;Bekasi
Sekolah Duta Raya;Jakarta Selatan
Pendidikan Raya;Jakarta Timur
Pluit Karang Raya;Jakarta Utara
Cipinang Baru Utara;Jakarta Timur
Garuda;Jakarta Pusat
Jalan Raya Plumpang Semper;Jakarta Utara
Inspeksi Banjir Kanal Timur;Jakarta Utara
Adhiyaksa 9;Jakarta Selatan
Pluit Selatan Raya;Jakarta Utara
N1 Flyover Kranji;Bekasi
Haji Muhi;Jakarta Selatan
Nirmala;Jakarta Barat
Iskandarsyah Raya;Jakarta Selatan
Petak Baru;Jakarta Barat
Taman Mini 1;Jakarta Timur
Tol Depok-Antasari;
Duren Sawit Raya;Jakarta Timur
Bangka 2;Jakarta Selatan
Wijaya 1;Jakarta Selatan
M Ikhwan Ridwan Rais;Jakarta Pusat
Erha;Depok
Terusan Mabes Hankam;Jakarta Timur
Exit Tol Jagorawi/Cibubur/Ciawi;Jakarta Timur
Tulodong Bawah;Jakarta Selatan
Rawa Bebek;Bekasi
Kayu Manis Timur;Jakarta Timur
Tanah Sereal 18;Jakarta Barat
Arah Pancoran;Jakarta Selatan
Velodrome;Jakarta Timur
Jalan Raya Bekasi;Jakarta Timur
Dewi Sartika;Jakarta Timur
Bina Marga;Jakarta Timur
Tol Tebet-Cawang;
Tol Cikampek (Cikunir-Cawang);
Bekasi Timur Raya;Jakarta Timur
Pelabuhan Raya;Jakarta Utara
Arah Grogol/Tj Priok/Tol Lkr Dalam;Jakarta Utara
Sumur Batu Raya;Jakarta Pusat
Pangeran Antasari;Jakarta Selatan
Arah Bursa Efek Indonesia/Artha Graha;Jakarta Selatan
Pengadegan Selatan 1;Jakarta Selatan
Jati Indah;Jakarta Selatan
Tol Wiyoto Wiyono;
Amalia;Jakarta Timur
Flyover Mayjen TNI Prof Dr Moestopo;Jakarta Selatan
Kompas;Tangerang Selatan
Adhiyaksa Raya;Jakarta Selatan
Pegangsaan Timur;Jakarta Pusat
Prajurit KKO Usman & Harun;Jakarta Pusat
Gerbang Tol Cikunir;Bekasi
Jatinegara Barat 3;Jakarta Timur
Gerbang Tol Kuningan 2;Jakarta Selatan
Tentara Pelajar;Jakarta Selatan
Gerbang Tol Slipi 1;Jakarta Barat
HR Rasuna Said;Jakarta Selatan
Pancoran Barat 8;Jakarta Selatan
N6 Tentara Pelajar;Jakarta Selatan
Gading Putih Raya Utara;Jakarta Utara
Jembatan Dua Raya;Jakarta Barat
Flyover Jatibaru;Jakarta Pusat
Pendowo;Depok
Tol Lingkar Luar (Kembangan-Ulujami);
Peternakan Raya;Jakarta Barat
Tebet Utara Dalam;Jakarta Selatan
Cikini Raya;Jakarta Pusat
Letjen Suprapto;Jakarta Pusat
Prof Lafran Pane;Depok
Pagelarang;Bekasi
Flyover Prof DR Hamka;Jakarta Pusat
Johar;Jakarta Pusat
Flyover Saharjo;Jakarta Selatan
Kamal Benda;Jakarta Barat
Pejuang;Bekasi
Inspeksi Kanal Timur;Jakarta Timur
Tanjung Barat;Jakarta Selatan
Percetakan Negara 3;Jakarta Pusat
Flyover Sudirman;Jakarta Pusat
Inpres Raya;Tangerang
Jalan Teluk Betung;Jakarta Pusat
Inspeksi Kayu Tinggi;Jakarta Timur
Pelita;Jakarta Selatan
Gongseng;Jakarta Timur
Kyai Tapa;Jakarta Barat
N1 Jembatan Dua Timur;Jakarta Utara
Karya Utama;Jakarta Selatan
PLN Duren Tiga;Jakarta Selatan
Pantai Indah Timur;Jakarta Utara
Cipayung Raya;Jakarta Timur
Karet Belakang Raya;Jakarta Selatan
Pondok Randu Raya;Jakarta Barat
Arah Tol Jagorawi/Cilangkap/Tol Lingkar Luar;Jakarta Timur
Kembangan Raya;Jakarta Barat
Pondok Labu Raya;Jakarta Selatan
Merawan;Depok
Munjul Raya;Jakarta Timur
Barito 2;Jakarta Selatan
MT Haryono;Jakarta Selatan
Petamburan 4;Jakarta Pusat
Cipulir 1;Jakarta Selatan
Sunan Giri;Tangerang
Imam Bonjol;Jakarta Pusat
N6 Ir H Juanda;Tangerang Selatan
Karang Tengah 1;Jakarta Selatan
Margaguna Raya;Jakarta Selatan
Persada Raya;Jakarta Selatan
Saco;Jakarta Selatan
Tanjung Duren Timur;Jakarta Barat
Tol Tomang-Semanggi;
Prof Mohammad Yamin;Jakarta Pusat
Swadarma;Jakarta Selatan
Proklamasi;Jakarta Pusat
Kemanggisan Utama Raya;Jakarta Barat
Hang Tuah;Jakarta Selatan
Pengantin Ali;Jakarta Timur
Gadog Raya;Depok
Cut Meutia;Jakarta Pusat
Minangkabau Barat;Jakarta Selatan
Lenteng Agung Timur (Jalur Lambat);Jakarta Selatan
Kencana Raya;Jakarta Barat
Pejagalan;Jakarta Barat
Jalan Palakali-Kukusan;Depok
Rawa Kuning;Jakarta Timur
DR Ide Anak Agung Gde Agung;Jakarta Selatan
Berdikari;Jakarta Utara
Prapanca Raya;Jakarta Selatan
Setia 1;Bekasi
Lontar;Jakarta Pusat
Flyover Prof DR Hamka;Jakarta Selatan
Rorotan 5;Jakarta Utara
Flyover Tendean;Jakarta Selatan
Al Arifiyah;Bekasi
Cilincing Raya (Jalur Lambat);Jakarta Utara
Flyover Tebet;Jakarta Selatan
N6 Sultan Iskandar Muda;Jakarta Selatan
Haji Kelik;Jakarta Barat
Pantai Indah Selatan 1;Jakarta Utara
Cilandak KKO;Jakarta Selatan
Sahabat;Jakarta Barat
Flyover Kuningan;Jakarta Selatan
Tol Lingkar Luar (Ulujami-TMII);
Warakas 6;Jakarta Utara
Panti Asuhan;Tangerang Selatan
Flyover Kebayoran Lama;Jakarta Selatan
Exit 10: Jakasampurna/Jatibening/Kranji;Bekasi
Jeruk;Jakarta Selatan
Pengayoman 1;Jakarta Timur
N6 Underpass Kebayoran Lama;Jakarta Selatan
Cempaka Sari 5;Jakarta Pusat
Haji Abdul Majid;Jakarta Selatan
Kemang Sari;Bekasi
Intan RSPP;Jakarta Selatan
Tol Semanggi-Tomang;
Mesjid Kebon Jeruk;Jakarta Barat
Haji Hambali;Depok
Prof Dr Latumeten;Jakarta Barat
Arah Bogor/Pondok Indah/TMII;Jakarta Timur
Bintaro Raya;Jakarta Selatan
Pondok Cabe Raya;Tangerang Selatan
Kampung Baru STM Kapin;Bekasi
Bahari 2;Jakarta Utara
Pinang Ranti 2;Jakarta Timur
Jalan Danau Tondano;Jakarta Pusat
Anggrek Cakra;Jakarta Barat
Flyover Marunda;Jakarta Utara
Lagoa Kanal 2A;Jakarta Utara
Tol Lingkar Luar (TMII-Ulujami);
Sumur Batu;Jakarta Pusat
Peta Barat;Jakarta Barat
Adityawarman;Jakarta Selatan
Pal Batu 1;Jakarta Selatan
KH Abdullah Syafi'ie;Jakarta Selatan
Tol Becakayu;
Kemajuan;Jakarta Selatan
Underpass Inspeksi Kirana;Jakarta Utara
Nurul Amal;Jakarta Barat
Wijaya 2;Jakarta Selatan
Kebon Dua Ratus;Jakarta Barat
Sindang;Jakarta Utara
Haji Taisir;Jakarta Barat
Pulombangkeng;Jakarta Selatan
Underpass Pedati;Jakarta Timur
Perdatam Pancoran Timur;Jakarta Selatan
Tanjung Duren Utara 3E;Jakarta Barat
Supriyadi;Jakarta Timur
Enim;Jakarta Utara
Mangga Besar 13 (Stasiun);Jakarta Pusat
Underpass Senen;Jakarta Pusat
Exit 30: Cijantung/Kramat Jati/Cililitan;Jakarta Timur
Senopati;Jakarta Selatan
Kesehatan Raya;Jakarta Selatan
Tol Kuningan-Tebet;
Kapuk Muara;Jakarta Utara
Tol Semanggi-Kuningan;
Flyover Halim;Jakarta Timur
Rorotan 8;Jakarta Timur
N1 RE Martadinata;Jakarta Utara
Setiabudi 2;Jakarta Selatan
Marunda Makmur;Tarumajaya
Taman Malaka Selatan;Jakarta Timur
Cakung Cilincing Barat;Jakarta Timur
River Garden Blvd;Jakarta Timur
Margonda Raya (Jalur Lambat);Depok
Jalan Masjid Raya;Bekasi
Mangga Besar Raya;Jakarta Barat
Dakota Raya;Jakarta Pusat
Rawasari Selatan;Jakarta Pusat
Ahmad Yani (Arah Pemuda);Jakarta Timur
Stasiun Senen;Jakarta Pusat
Jalan Inspeksi Kalimalang;Bekasi
Arah Semanggi/Kuningan/Cawang;Jakarta Barat
Kol (Pol) Pranoto;Depok
N1 Flyover Jembatan Dua/Tiga;Jakarta Utara
Jembatan Dua Barat;Jakarta Utara
Rawamangun Muka;Jakarta Timur
Gerbang Pemuda;Jakarta Pusat
Exit Pluit/Jembatan Tiga;Jakarta Utara
Kubur Islam;Jakarta Selatan
Jalan Tol Layang Sunter-Pulo Gebang;
Gerbang Tol Cibubur 2;Jakarta Timur
Kranggan;Jakarta Timur
Taman Sari 10;Jakarta Barat
Rajawali Selatan 1;Jakarta Pusat
Kalibata Raya;Jakarta Timur
Gamprit;Bekasi
Gedung Hijau Raya;Jakarta Selatan
Curug Agung;Depok
Haji Bara;Depok
Jati Rahayu;Bekasi
Kebagusan Raya;Jakarta Selatan
Dermaga Raya;Jakarta Timur
Pinangsia Raya;Jakarta Barat
Jalan Raya Lebak Bulus PDK;Jakarta Selatan
Cilandak Tengah;Jakarta Selatan
Jalan Pasar Kecapi;Bekasi
Gerbang Tol Tanjung Duren;Jakarta Barat
Swasembada Barat;Jakarta Utara
Tanah Merdeka;Jakarta Timur
Kemandoran 1;Jakarta Selatan
Taman Palem Lestari;Jakarta Barat
Jatinegara Timur 2;Jakarta Timur
Wijaya Raya;Jakarta Barat
Bungur;Jakarta Selatan
Exit Slipi/Palmerah/Tanah Abang;Jakarta Pusat
Mandor Munding;Jakarta Timur
Jalan Srengseng Sawah;Jakarta Selatan
Flyover Lenteng Agung;Jakarta Selatan
Exit Antasari/Blok M;Jakarta Selatan
Kalibaru Timur;Bekasi
Jembatan Besi 7;Jakarta Barat
Kertamukti;Tangerang Selatan
Underpass Angkasa;Jakarta Pusat
Tanah Abang 1;Jakarta Pusat
Jalan Penataran;Jakarta Pusat
Harapan Indah Blvd;Bekasi
Kalimanggis;Bekasi
Utama 2;Jakarta Barat
Curug Raya;Jakarta Timur
Anugerah Raya;Bekasi
Haji Saaba;Jakarta Barat
Exit Mampang/Kuningan/Menteng;Jakarta Selatan
Kelapa Kuning Raya;Jakarta Timur
Manggarai Utara 1;Jakarta Selatan
Mohammad Saidi;Jakarta Selatan
Jalan Sungai Landak;Jakarta Utara
Manggarai Selatan 2;Jakarta Selatan
Benda;Tangerang
Exit Pulo Gebang/Bekasi;
Suryopranoto;Jakarta Pusat
Pattimura (Jalur Lambat);Jakarta Selatan
Jatinegara Barat 1;Jakarta Timur
Pondok Gede Raya;Bekasi
Kelapa Tiga;Jakarta Selatan
Jalan Halimun;Jakarta Selatan
Pluit Sakti;Jakarta Utara
Karang Anyar Raya;Jakarta Pusat
Mampang Prapatan 16;Jakarta Selatan
KH Abdullah Syafi'ie;Jakarta Timur
Cawang Baru;Jakarta Timur
Bintara 8;Bekasi
Kampung Melayu Besar;Jakarta Selatan
Budi Raya;Jakarta Barat
Bintaro Permai 4;Jakarta Selatan
Exit 1: Pondok Labu/Pondok Indah/Blok M;Jakarta Selatan
Kayu Jati Raya;Jakarta Timur
N6 Underpass Pondok Indah;Jakarta Selatan
Matraman Raya;Jakarta Pusat
Kedoya Duri;Jakarta Barat
Flyover Tanjung Duren;Jakarta Barat
Jalan Inspeksi Kalimalang;Jakarta Timur
Arah Grogol/Soekarno-Hatta;Jakarta Timur
Exit Semanggi/Senayan/Kebayoran;Jakarta Selatan
Administrasi Negara 1;Jakarta Pusat
Inspeksi Irigasi;Tangerang
Medan Merdeka Barat;Jakarta Pusat
Inspeksi Cengkareng Drain;Jakarta Barat
Joe;Jakarta Selatan
Flyover Pramuka-Proklamasi;Jakarta Pusat
Gunung Sahari;Jakarta Utara
Duri Utara 1;Jakarta Barat
Pramuka (Jalur Lambat);Jakarta Pusat
Mangga Dua Raya;Jakarta Barat
Jalan Citarum;Jakarta Pusat
Arah Tebet/Semanggi/Soekarno-Hatta;Jakarta Timur
Kembangan Utara Raya;Jakarta Barat
Pinang 1;Jakarta Selatan
Kramat Asem;Jakarta Timur
Manunggal;Jakarta Selatan
Robusta Raya;Jakarta Timur
Rawa Kepa Ujung;Jakarta Barat
Arah Jakarta/Bogor/Bandung (Lewat Jalan Tol);Tangerang
Terogong Raya;Jakarta Selatan
Medan Merdeka Selatan;Jakarta Pusat
Jalan Kejaksaan;Jakarta Timur
Pluit Kencana;Jakarta Utara
Kelapa Dua Raya;Jakarta Barat
Puri Kembangan;Jakarta Barat
Cipaku 1;Jakarta Selatan
Haji Mansyur;Tangerang
Banda;Jakarta Utara
Jalan SMA 14;Jakarta Timur
Arah Permata Hijau/Palmerah;Jakarta Pusat
Exit 22: Kelapa Gading/Sunter/Rawamangun;Jakarta Utara
Blvd Timur Kelapa Gading;Jakarta Utara
Cipinang Jaya;Jakarta Timur
Anggrek;Jakarta Utara
Jalan Sungai Brantas;Jakarta Utara
Agung Tengah 4;Jakarta Utara
Exit Kamal;Jakarta Utara
Gajah Mada;Jakarta Pusat
Kebantenan 1;Jakarta Utara
Exit 64: Cilincing/Koja/Jampea;Jakarta Utara
;Tarumajaya
Arah Senayan/Blok M/Fatmawati;Jakarta Selatan
Tanah Merdeka;Jakarta Utara
Jelambar Barat;Jakarta Barat
Arah Cawang/Bogor/Cikampek (Lewat Jalan Tol);Jakarta Utara
Flyover Cengkareng;Jakarta Barat
Lagoa Sinar;Jakarta Utara
Kostrad Pusri;Jakarta Selatan
Exit Rawa Buaya/Kembangan;Jakarta Barat
Rorotan 4;Jakarta Utara
Balai Pustaka Baru;Jakarta Timur
Bulungan;Jakarta Selatan
Gunawarman;Jakarta Selatan
Karet Pasar Baru Barat 4;Jakarta Pusat
Madya Kebantenan;Jakarta Utara
Arah Rawamangun/Pulo Gadung/Tj Priok;Jakarta Timur
Ratna;Bekasi
Hanura Raya;Jakarta Barat
Angkasa Raya (Jalur Lambat);Jakarta Pusat
Cilincing Kesatrian;Jakarta Utara
Gerbang Tol Kembangan Utara;Jakarta Barat
Setiabudi Tengah;Jakarta Selatan
Sekretaris;Jakarta Barat
Green Sedayu Biz Park;Jakarta Timur
Tanjung Pura;Jakarta Barat
Pluit Selatan 1;Jakarta Utara
Arah Kebon Jeruk/RS Mata JEC/Tomang (Lewat Jalan Tol);Jakarta Barat
Flyover Kemanggisan;Jakarta Barat
Jalan Madiun;Jakarta Pusat
Menteng Raya;Jakarta Pusat
Poris Indah Jaya;Tangerang
Nusa 1;Jakarta Timur
Lembah Sari;Jakarta Timur
Gaya Motor 1;Jakarta Utara
Inerbang;Jakarta Timur
Ir H Juanda;Jakarta Pusat
Tol Cawang-Tebet;
Prepedan Raya;Jakarta Barat
Jalan Sungai Tiram;Jakarta Utara
Cipinang Baru Raya;Jakarta Timur
Pasoso;Jakarta Utara
Jalan Gresik;Jakarta Utara
Pisangan Lama 3;Jakarta Timur
Benda Bawah;Jakarta Selatan
Bintaro Utara;Jakarta Selatan
Bangun Nusa Raya;Jakarta Barat
Kemang 1;Jakarta Selatan
Dr Abdul Rahman Saleh;Jakarta Pusat
Murdai 1;Jakarta Pusat
Kebagusan 1;Jakarta Selatan
Batu Ampar 1;Jakarta Timur
Pulo Gadung;Jakarta Timur
Rawa Binong;Jakarta Timur
Jembatan Batu;Jakarta Barat
Pluit Karang Manis;Jakarta Utara
Ancol Timur;Jakarta Utara
Kebon Sirih Barat 1;Jakarta Pusat
Pejambon;Jakarta Pusat
Pisangan Lama Timur;Jakarta Timur
Jalan Biak;Jakarta Pusat
Sukarjo Wiryopranoto;Jakarta Pusat
Kartika Utama;Jakarta Selatan
Cipayung Hankam;Jakarta Timur
Jalan Raya PKP;Jakarta Timur
Duren Bangka;Jakarta Selatan
Jelambar Baru;Jakarta Barat
Duri Utara;Jakarta Barat
Gedong Panjang;Jakarta Utara
Danau Agung 2;Jakarta Utara
Gerbang Tol Cakung 1;Jakarta Timur
Pondok Jaya;Jakarta Selatan
Arah Pluit/Ancol;Jakarta Utara
Flyover Sunter;Jakarta Utara
Cempaka Raya;Jakarta Pusat
Lautze Raya;Jakarta Pusat
Gerbang Tol Cempaka Putih;Jakarta Timur
Lauser;Jakarta Selatan
Sulaiman;Jakarta Barat
BDN Raya;Jakarta Selatan
Jalan Balikpapan;Jakarta Pusat
Bungur;Jakarta Timur
Jalan Teluk Bayur;Jakarta Utara
Pasir Putih 1;Jakarta Utara
Budi Kemuliaan 1;Jakarta Pusat
Benda Raya;Jakarta Selatan
Asemka;Jakarta Barat
Bakti 4;Jakarta Barat
Panglima Polim;Jakarta Selatan
Melati Indah Raya;Jakarta Barat
Pecenongan;Jakarta Pusat
Telaga Raya;Jakarta Utara
Cendrawasih;Jakarta Selatan
Kesatriaan;Tangerang Selatan
Pegambiran;Jakarta Timur
Cawang Interchange;
Jembatan Gambang 2;Jakarta Utara
Anggrek 3;Jakarta Selatan
Perniagaan Barat;Jakarta Barat
Gelora Raya;Tangerang
Jalan Masjid Al Wustho;Jakarta Timur
Margasatwa;Jakarta Selatan
Bintaro Utama 3A;Tangerang Selatan
Setiabudi Selatan;Jakarta Selatan
Perancis;Tangerang
Krendang Utara;Jakarta Barat
Balai Rakyat;Jakarta Timur
Kemang Selatan 8;Jakarta Selatan
Aladin;Jakarta Utara
Raden Patah 2;Jakarta Selatan
Centex;Jakarta Timur
Arief Rachman Hakim;Jakarta Pusat
Perumnas Raya;Jakarta Timur
Kosambi Baru;Jakarta Barat
Warakas 10;Jakarta Utara
Palem Ganda Asri;Tangerang
Waru;Jakarta Timur
Arah Pluit/Bandara/Grogol (Lewat Jalan Tol);Jakarta Utara
Rawa Bebek;Jakarta Utara
Flyover Cideng;Jakarta Pusat
Dr Sam Ratulangi;Jakarta Pusat
Blvd Utara Kelapa Gading;Jakarta Utara
Pluit Timur Raya;Jakarta Utara
Duren Sawit Baru;Jakarta Timur
Jalan Raya Salembaran;Kosambi
Kemang Selatan 1;Jakarta Selatan
Tol Lingkar Luar (Cikunir-Cilincing);
Arah Angke/Grogol/Cawang;Jakarta Utara
Kapuk Poglar;Jakarta Barat
Timbul;Jakarta Selatan
H Benyamin Sueb;Jakarta Utara
Melati;Jakarta Selatan
Arah Ancol/PRJ/Pluit/Tangerang/Soekarno-Hatta (Lewat Jalan Tol);Jakarta Utara
Darmawangsa 3;Jakarta Selatan
Rembiga;Jakarta Pusat
Prepedan;Jakarta Barat
Taman Sari;Jakarta Barat
Danau Agung 1;Jakarta Utara
N1 Prof Dr Latumeten;Jakarta Barat
Utan Panjang Barat;Jakarta Pusat
Kuningan Mulia;Jakarta Selatan
Husein Sastranegara (Baru);Tangerang
Imam Mahbud;Jakarta Pusat
Jalan Bandung;Depok
Tanah Merah;Jakarta Utara
Arah Tol Lingkar Luar/Meruya/Tol Jagorawi;Jakarta Barat
Pasar Senen;Jakarta Pusat
Kebon Jeruk 3;Jakarta Barat
Kemayoran Ketapang;Jakarta Pusat
Kramat 4;Jakarta Pusat
Tambora 8;Jakarta Barat
DR Muwardi 1;Jakarta Barat
Perwira;Jakarta Pusat
Kampung Bandan Raya;Jakarta Utara
Flyover RE Martadinata;Jakarta Utara
Bangka 8;Jakarta Selatan
Kalibata Timur;Jakarta Selatan
Kamboja;Jakarta Barat
Gerbang Tol Angke 1;Jakarta Utara
Bukit Hijau 2;Jakarta Selatan
Batu Ceper;Jakarta Pusat
Cempaka;Bekasi
Exit Cijantung/Ps Minggu/Tol Jkt-Serpong;Jakarta Timur
N1 Pakin Raya;Jakarta Utara
Gerbang Tol Ancol Barat;Jakarta Utara
Tanah Abang Timur;Jakarta Pusat
Jalan Indramayu;Jakarta Pusat
Medan Merdeka Utara;Jakarta Pusat
Sadar;Jakarta Selatan
Mangga Besar 9;Jakarta Barat
Jalan Kelud;Bekasi
Mangga Besar Raya;Jakarta Pusat
Puri Sakti 1;Jakarta Selatan
Pondok Duta Raya;Depok
Kedondong Raya;Jakarta Utara
DR Wahidin;Jakarta Pusat
Arah Tangerang/Karawaci/Tol Tangerang-Merak;Jakarta Barat
Arah Ancol/Pluit/Soekarno-Hatta (Lewat Jalan Tol);Jakarta Utara
Galaxi Raya;Bekasi
Tol Pluit-Tomang;
Pintu Air 2;Jakarta Pusat
Kramat Bunder;Jakarta Pusat
Cipete Dalam;Jakarta Selatan
Asem 2;Jakarta Selatan
Transmigrasi;Jakarta Utara
Underpass Tanah Abang;Jakarta Pusat
Haji Yahya;Jakarta Timur
Pulo Mas Selatan;Jakarta Timur
Ulujami Raya;Jakarta Selatan
Bintaro Puspita Raya;Jakarta Selatan
Jalan Padamarang;Jakarta Utara
Budaya;Jakarta Timur
Jalan Kampung Keramat;Jakarta Timur
Bintaro Utama 5;Tangerang Selatan
Exit Cawang/Cililitan;Jakarta Timur
Laksa 1;Jakarta Barat
Exit Tebet/Manggarai/Ps. Minggu;Jakarta Selatan
Kusuma Raya;Jakarta Barat
Tanah Tinggi Barat;Jakarta Pusat
Sunter Kemayoran;Jakarta Pusat
arah Tol Lingkar Dalam/Tol Layang MBZ/Tol Jakarta-Cikampek;Bekasi
N1 Dr Makaliwe;Jakarta Barat
Alaydrus;Jakarta Pusat
Empu Sendok;Jakarta Selatan
Pantai Mutiara;Jakarta Utara
Utan Jati;Jakarta Barat
Lapangan Banteng Utara;Jakarta Pusat
Kapuk Utara;Jakarta Utara
Camar 16;Jakarta Utara
Jalan Raya Inpres;Jakarta Timur
Perimeter Utara Bandara Baru;Tangerang
Pangeran Jayakarta;Jakarta Barat
Bonjol;Tangerang Selatan
Karet Pasar Baru Barat 1;Jakarta Pusat
N1 Krapu;Jakarta Utara
Kertajaya;Jakarta Utara
Biru Laut 10;Jakarta Timur
Gang Ambon;Tangerang
Gerbang Tol Pulomas;Jakarta Timur
Menceng Raya;Jakarta Barat
Damai 5;Jakarta Selatan
Lada;Jakarta Barat
DR Makaliwe 1;Jakarta Barat
Sawo Kecik;Jakarta Selatan
Angke Indah;Jakarta Barat
Mangga Besar 5;Jakarta Barat
Jatinegara Kaum;Jakarta Timur
RA Fadillah;Jakarta Timur
Rawasari Timur 4;Jakarta Pusat
Manggis;Jakarta Barat
Pasar Baru Timur;Jakarta Pusat
Bukit Duri Selatan;Jakarta Selatan
Jalan Monumen Pancasila Sakti;Jakarta Timur
Mandara Permai 4;Jakarta Utara
Serdang Raya;Jakarta Pusat
Jalan Cikatomas;Jakarta Selatan
Darmawangsa 1;Jakarta Selatan
N1 Gedong Panjang;Jakarta Utara
Fachrudin;Jakarta Pusat
Kepu Selatan;Jakarta Pusat
AA Kali Pasir;Jakarta Pusat
Duri Tol;Jakarta Barat
Taman Sunda Kelapa;Jakarta Pusat
Harsono RM;Jakarta Selatan
Panti Asuhan;Jakarta Timur
Arah Cawang/Cililitan/Tol Jagorawi;Jakarta Timur
Pulo Asem Utara Raya;Jakarta Timur
Ir H Juanda 1;Jakarta Pusat
H Benyamin Sueb (Jalur Lambat);Jakarta Utara
Kebon Jati;Jakarta Pusat
Raya Tengah;Jakarta Timur
Benteng Betawi;Tangerang
Bambu Apus Raya;Jakarta Timur
Cilangkap Baru;Jakarta Timur
Thamrin Residence;Jakarta Pusat
Ancol Barat 1;Jakarta Utara
RM Margono Djojohadikusumo;Jakarta Pusat
M Nur;Jakarta Timur
Flyover Cempaka Mas;Jakarta Timur
Marunda 1;Jakarta Utara
Cilincing Baru;Jakarta Utara
Teratai Putih Raya;Jakarta Timur
Bintaro Utama 1;Jakarta Selatan
Terusan Bandengan;Jakarta Utara
Sukatani Raya;Jakarta Barat
Sindang Laut;Jakarta Utara
Gerbang Tol Ampera 2;Jakarta Selatan
Hadiah;Jakarta Barat
Pangkalan Asem;Jakarta Pusat
Cipeucang 5;Jakarta Utara
Tambora 5;Jakarta Barat
Jalan Deli;Jakarta Utara
Pinangsia 1;Jakarta Barat
Haji Ahmad Bakrie Barat;Jakarta Selatan
Mangga Dua Raya;Jakarta Pusat
Amanah;Jakarta Barat
Pekapuran Raya;Jakarta Barat
Garden City Blvd;Jakarta Timur
Jelambar Selatan 2;Jakarta Barat
Palmerah Barat 9;Jakarta Barat
Larangan Indah;Tangerang
Kebon Sayur;Jakarta Barat
Bandengan Selatan;Jakarta Barat
Taman Bukit Duri;Jakarta Selatan
Veteran 1;Jakarta Pusat
Gorda;Jakarta Timur
Krendang Barat 1;Jakarta Barat
Kathedral;Jakarta Pusat
Batu Ampar 3;Jakarta Timur
Hayam Wuruk;Jakarta Pusat
Pluit Utara Raya;Jakarta Utara
Pluit Karang Molek;Jakarta Utara
Jeruk Purut;Jakarta Selatan
Cipinang Baru Timur;Jakarta Timur
Utan Panjang 3;Jakarta Pusat
Legoso Raya;Tangerang Selatan
Fajar Baru Selatan;Jakarta Barat
Gading Pandawa;Jakarta Utara
Kota Bambu Selatan;Jakarta Barat
Pagelarang;Jakarta Timur
Cipinang Pulo Maja;Jakarta Timur
Talib 2;Jakarta Barat
Galur Jaya;Jakarta Pusat
Flamboyan;Jakarta Selatan
Lorong 104;Jakarta Utara
Ampera Raya;Jakarta Utara
Benda 4;Jakarta Selatan
Arah Kuningan/Pancoran/Cawang;Jakarta Pusat
Tanah Sereal;Jakarta Barat
Utan Panjang 5;Jakarta Pusat
Rawajati Timur;Jakarta Selatan
Kota Bambu;Jakarta Pusat
Mangga Besar 1;Jakarta Barat
Tangki 1;Jakarta Barat
Pelepah Raya;Jakarta Utara
Haji Wahab Affan;Bekasi
Danau Indah Barat;Jakarta Utara
Mandala Raya;Jakarta Barat
Taman Matraman Timur;Jakarta Pusat
Jembatan Dua Timur;Jakarta Utara
Royal Grand;Jakarta Timur
Bintaro Utama;Tangerang Selatan
Kapuk Kencana;Jakarta Utara
Pulo Gundul;Jakarta Pusat
Krendang Barat;Jakarta Barat
Sunan Giri;Jakarta Timur
Pasar Kranggan Raya;Bekasi
KH Wahid Hasyim;Tangerang Selatan
Haji Ung;Jakarta Pusat
Gedung Kesenian;Jakarta Pusat
Flyover Bintaro Permai;Jakarta Selatan
H Benyamin Sueb;Jakarta Pusat
Pilar Raya;Jakarta Barat
Setiabudi;Jakarta Selatan
Taman Aries;Jakarta Barat
Arah Cikunir/Jakarta/Cikampek (Lewat Jalan Tol);Jakarta Utara
Jalan Guntur;Jakarta Selatan
Jembatan Besi 7;Jakarta Pusat
Jalan Sunda;Jakarta Pusat
Pademangan 2 Gang 15;Jakarta Utara
Patal Senayan;Jakarta Selatan
Cawang Baru Utara;Jakarta Timur
Arah Klender;Jakarta Timur
Pulo Ayang;Jakarta Timur
Jalan Riau;Jakarta Pusat
Dr Sutomo;Jakarta Pusat
Kepu Timur;Jakarta Pusat
Flyover Bandengan Selatan;Jakarta Utara
Roa Malaka Selatan;Jakarta Barat
Pengadegan Utara 5;Jakarta Selatan
Metro Permata Utama;Tangerang
Kelapa Sawit Raya;Jakarta Timur
Pesing Poglar;Jakarta Barat
Majapahit;Jakarta Pusat
Kelapa Cengkir Raya;Jakarta Utara
KH Wahid Hasyim;Tangerang
Swadaya 2J;Jakarta Selatan
Taman Aster;Bekasi
Rawa Simprug 3;Jakarta Selatan
Keadilan 5;Jakarta Barat
Bintara 9;Bekasi
Puri Mutiara 2;Jakarta Selatan
Kalibaru Timur;Jakarta Barat
Green Lake City Blvd;Tangerang
Kavling Polri;Jakarta Selatan
Palmerah Utara 2;Jakarta Barat
Mangga Besar 8;Jakarta Barat
Mekarsari Raya;Depok
Pangkalan Jati 2;Depok
Gunung Sahari 7A;Jakarta Pusat
Peternakan 2;Jakarta Barat
Karet Sawah;Jakarta Selatan
Palmerah Utara 3;Jakarta Barat
Arah Pluit/Ancol/Tj Priok;Jakarta Utara
Arah Asrama Haji/Pd Gede/TMII Pintu 2;Jakarta Timur
Pintu Besi 1;Jakarta Pusat
Mampang Prapatan 8;Jakarta Selatan
Pluit Barat Raya;Jakarta Utara
Dr Suratmo;Jakarta Pusat
Utan Panjang Timur;Jakarta Pusat
Raden Sanim;Depok
Tanah Abang 3;Jakarta Pusat
Mangga Dua Dalam;Jakarta Pusat
Dwiwarna 6;Jakarta Pusat
Menteng Wadas Timur;Jakarta Selatan
Kramat Aris;Jakarta Timur
Batu Tulis Raya;Jakarta Pusat
Yusuf Adiwinata;Jakarta Pusat
Pusdika;Depok
Kota Baru Bandar Kemayoran;Jakarta Pusat
Tiangseng;Jakarta Pusat
Halim Perdanakusuma;Jakarta Timur
Tegal Parang Selatan;Jakarta Selatan
Taman Kosmos;Jakarta Barat
Kayu Jati 5;Jakarta Timur
Kramat Sentiong;Jakarta Pusat
Moch Asini;Jakarta Barat
Jalan Inspeksi BKT;Tarumajaya
Exit Halim PK/Cawang/Tol Jagorawi;Jakarta Timur
Haji Miran;Jakarta Timur
Tebet Timur 3;Jakarta Selatan
Persahabatan Raya;Jakarta Timur
Setu Raya;Jakarta Timur
Tawakal Raya;Jakarta Barat
Percetakan Negara 2;Jakarta Pusat
Epicentrum Tengah;Jakarta Selatan
Lapangan Bola (Srengseng);Jakarta Barat
Rorotan 9;Jakarta Utara
Kemandoran 8;Jakarta Selatan
Pusdiklat Depnaker;Jakarta Timur
Petamburan;Jakarta Pusat
Kemang Selatan 12;Jakarta Selatan
Perimeter Selatan Bandara;Tangerang
DR Sutomo;Tangerang
Walang Baru;Jakarta Utara
Citra Garden 5;Jakarta Barat
Basmol Raya;Jakarta Barat
Mulya Jaya;Jakarta Timur
Tol Tomang-Pluit;
Pramuka Jati;Jakarta Pusat
Penjernihan 1;Jakarta Selatan
Labu;Jakarta Barat
Jiban;Jakarta Selatan
Arah Pondok Gede;Jakarta Timur
KH Mudham;Jakarta Barat
Cempaka Mas Utara;Jakarta Pusat
Gajah Mada;Jakarta Barat
Jalan Surabaya;Jakarta Pusat
PLN;Tangerang Selatan
Bek Murad;Jakarta Selatan
Kelapa Hibrida Raya;Jakarta Utara
Kemenangan;Jakarta Barat
Tanjung Duren Utara 11;Jakarta Barat
Haji Lebar;Jakarta Barat
Caringin Utara;Jakarta Selatan
Rawa Kepa Utama;Jakarta Barat
Masjid Al Anwar;Jakarta Barat
Gading Kirana Barat;Jakarta Utara
Jalan Pelabuhan Ratu;Jakarta Utara
Depsos Raya;Jakarta Selatan
Arah tol Layang MBZ/Tol Jakarta-Cikampek/Bekasi Barat;Bekasi
Arah Jl. Tanjung Duren;Jakarta Barat
Rawa Bebek;Jakarta Timur
Kepa Duri Mas;Jakarta Barat
Sukabumi Selatan;Jakarta Barat
Kayu Manis Barat;Jakarta Timur
Bendungan Jago Raya;Jakarta Pusat
Haji Ten;Jakarta Timur
Murni;Jakarta Barat
Pisangan Baru Tengah;Jakarta Timur
Nusantara;Depok
Exit: Gandul/Limo/Meruyung;Depok
Kemenyan;Jakarta Selatan
Beruang;Tangerang Selatan
Kampung Baru STM Kapin;Jakarta Timur
Sunter Jaya;Jakarta Utara
Nusa Indah Raya;Jakarta Timur
Gerbang Tol Senayan;Jakarta Pusat
Suci;Jakarta Timur
Menteng Niaga;Jakarta Timur
Jalan F Raya;Jakarta Utara
Gerbang Tol Pisangan;Jakarta Timur
Arah Soekarno-Hatta/Ancol/Cawang;Jakarta Utara
N1 Flyover Jembatan Dua/Tiga;Jakarta Barat
Haji Ayub;Jakarta Selatan
Puri Lingkar Luar;Jakarta Barat
Haji Adam Malik;Tangerang
Pintu Besar Selatan;Jakarta Barat
Poris Indah;Tangerang
Pedati Raya;Jakarta Timur
Kramat Pulo Dalam 2;Jakarta Pusat
Angkasa Raya;Jakarta Pusat
Wahidin 2;Jakarta Pusat
Taman Kemang;Jakarta Selatan
Pembangunan Andara;Jakarta Selatan
Poltangan Raya;Jakarta Selatan
Veteran 3;Jakarta Pusat
Haji Amil;Jakarta Selatan
;Tangerang Selatan
Dharma Bakti;Jakarta Barat
Jalan Tampak Siring;Jakarta Barat
Tol Lingkar Luar (Ulujami-Kembangan);
Cipinang Jaya CC;Jakarta Timur
Haji Rawi;Jakarta Barat
Japos Raya;Tangerang
Cilincing Baru 4;Jakarta Utara
Harapan Indah Blvd;Tarumajaya
Kebon Jeruk 18;Jakarta Barat
Arah Bundaran HI/Harmoni;Jakarta Pusat
Tanjakan AURI;Jakarta Timur
Arah Kebon Jeruk/Tomang/Tol Lingkar Dalam;Jakarta Barat
Saluran Irigasi;Bekasi
Kuningan Madya;Jakarta Selatan
Mandala 5;Jakarta Timur
Pasar Modern;Tarumajaya
Kyai Tapa;Jakarta Pusat
Jalan Saluran Irigasi Gempol;Bekasi
Balai Pustaka;Jakarta Timur
Jalan RS Polri Sukanto;Jakarta Timur
Arteri Permata Hijau (Jalur Lambat);Jakarta Selatan
Vikamas Raya;Jakarta Utara
Kawi Raya;Jakarta Selatan
Pangkalan Jati;Depok
Cempaka 3;Jakarta Selatan
Tanah Mas 1;Jakarta Timur
Pisangan Baru Tengah 2;Jakarta Timur
Blustru;Jakarta Barat
Gereja Ayam;Jakarta Pusat
Gembira;Jakarta Selatan
Kampung Melayu Kecil 5;Jakarta Selatan
Jalan Haji Terin;Jakarta Selatan
Jalan C4;Tangerang
Gerbang Tol Lenteng Agung 2;Jakarta Selatan
Malaka Baru;Bekasi
Mesjid As Surur;Jakarta Barat
Arah Tomang/Grogol/Semanggi;Jakarta Barat
Jalan Masjid Al Makmuriah;Jakarta Selatan
Taman Kencana Selatan;Jakarta Utara
Jalan Gorontalo;Jakarta Utara
Pondok Ranggon Raya;Jakarta Timur
Terogong 3;Jakarta Selatan
Gading Putih Timur;Jakarta Utara
Manggis;Jakarta Selatan
Gading Indah Raya;Jakarta Utara
Kemang Selatan 1D;Jakarta Selatan
Jalan Masjid Al Mubarok;Jakarta Selatan
Belly;Jakarta Timur
Petogogan;Jakarta Selatan
Jati;Jakarta Timur
Merpati;Jakarta Pusat
Cempaka Putih Tengah;Jakarta Pusat
Exit PRJ-Kemayoran/Ancol-Senen/Mangga Dua;Jakarta Utara
Palmerah Barat 2;Jakarta Barat
Muria Raya;Jakarta Selatan
Lingkungan 3;Jakarta Barat
Gerbang Tol Kuningan 1;Jakarta Selatan
Cipinang Muara Raya;Jakarta Timur
Tarian Raya Timur;Jakarta Utara
Raden Saleh;Jakarta Barat
Masjid Darul Fallah;Jakarta Selatan
Gerbang Tol Rawamangun;Jakarta Timur
Bojong Indah;Jakarta Barat
Terowongan Semanggi;Jakarta Selatan
Exit Soekarno-Hatta/Pluit;Jakarta Utara
Gerbang Tol Slipi 2;Jakarta Barat
Jati Padang;Jakarta Selatan
Bintara 14;Bekasi
Salemba 1;Jakarta Pusat
Semanggi (Jalur Lambat);Jakarta Selatan
Gintung;Jakarta Selatan
Krekot Jaya;Jakarta Pusat
Waspada Raya 1;Jakarta Utara
Pluit Karang Barat;Jakarta Utara
Lingkar Luar Barat;Jakarta Utara
Cendrawasih;Jakarta Utara
Mardani Raya;Jakarta Pusat
Jalan Kampung Pedaengan;Jakarta Timur
Gudang Peluru;Jakarta Selatan
Pulo Lentut;Jakarta Timur
Kerendang Raya;Jakarta Barat
Jambu Air;Jakarta Barat
Arah Pondok Indah/Lebak Bulus/Cawang;Jakarta Timur
Cipinang Latihan;Jakarta Timur
Kalibata Selatan 2;Jakarta Selatan
Sapi Perah;Jakarta Timur
Pondok Pinang 3;Jakarta Selatan
Metro Pondok Indah;Jakarta Selatan
Bhayangkara;Jakarta Utara
Kebahagiaan;Jakarta Barat
Cempaka Putih Tengah 2;Jakarta Pusat
Mega Kuningan Timur;Jakarta Selatan
Arah Jatinegara/Kelapa Gading/Tj Priok;Jakarta Timur
Exit Tol Lkr Luar/Jati Asih/Bintara;Bekasi
Gelong Baru Utara 2;Jakarta Barat
Pondok Aren 2;Tangerang Selatan
Wana Mulya Utama;Tangerang
Jelambar Utama Sakti 6;Jakarta Barat
Sunan Sedayu;Jakarta Timur
Kuningan Persada;Jakarta Selatan
Haji Jian 3;Jakarta Selatan
Warung Silah;Jakarta Selatan
Pelabuhan Nusantara 2;Jakarta Utara
Pintu Air Raya;Jakarta Pusat
Tembaga;Jakarta Pusat
Rajawali Selatan;Jakarta Pusat
Exit 16: Tn Kusir/Bintaro/Rempoa;Jakarta Selatan
Karet Pasar Baru Timur 5;Jakarta Pusat
Arah Pondok Indah/Lebak Bulus (lewat tol);Jakarta Timur
Kemanggisan Pulo 1;Jakarta Barat
Mutiara;Jakarta Pusat
Yado 3;Jakarta Selatan
Kiwi;Jakarta Timur
Sriwijaya Raya;Jakarta Selatan
Gerbang Tol Fatmawati 2;Jakarta Selatan
Kemuning Raya;Jakarta Barat
Kawasan PIK Pulo Gadung;Jakarta Timur
Cikijang Barat;Jakarta Utara
Tebah;Jakarta Selatan
PAM Kemayoran;Jakarta Pusat
Toko Tiga Seberang;Jakarta Barat
Inspeksi Kali Mookervaart;Jakarta Barat
Pulo Harapan Indah;Jakarta Barat
Tulodong Atas;Jakarta Selatan
Galur Sari 9;Jakarta Timur
Kemanggisan Ilir 3;Jakarta Barat
Gelora 5;Jakarta Pusat
Warakas;Jakarta Utara
Panglima Polim 3;Jakarta Selatan
Pramuka Sari 1;Jakarta Pusat
Jelambar Utama Sakti Raya;Jakarta Barat
Bendungan Jatiluhur;Jakarta Pusat
Jembatan Besi 4;Jakarta Barat
Flyover Cempaka Mas;Jakarta Pusat
Angke Timur;Jakarta Barat
Masjid Baiturrahim;Tangerang Selatan
Madrasah;Jakarta Selatan
Menteng Dalam;Jakarta Selatan
Jati Murni;Jakarta Selatan
Permata Gading Raya;Jakarta Utara
DR Kusumaatmaja;Jakarta Pusat
Cabe Rawit Raya;Jakarta Barat
Lingkar Luar Selatan;Jakarta Timur
Cililitan;Jakarta Timur
Gerbang Tol Lenteng Agung 1;Jakarta Selatan
Kerinci Raya;Jakarta Selatan
Permata Berlian;Jakarta Selatan
Sasak Jikin;Bekasi
Perjuangan;Jakarta Utara
SMA 101;Jakarta Barat
Komplek Kejaksaan Agung;Jakarta Selatan
Gerbang Tol Semanggi 2;Jakarta Selatan
Kopi;Jakarta Barat
Underpass Kranji;Bekasi
Jelambar Madya Timur;Jakarta Barat
Pondok Bambu Batas;Jakarta Timur
Haji Usman;Jakarta Barat
Mahoni;Jakarta Timur
Agung Sedayu City;Jakarta Utara
Arah Pesing/Tangerang;Jakarta Barat
Yos Sudarso (Jalur Lambat);Jakarta Pusat
Duri;Jakarta Barat
Mandala Utara;Jakarta Barat
Panglima Polim 5;Jakarta Selatan
Arah Pondok Labu/Pondok Indah/Ciputat;Jakarta Selatan
Poncol Raya;Jakarta Timur
Pengairan (Rengas);Tangerang Selatan
Blvd Bukit Gading Raya;Jakarta Utara
Rawa Kepa;Jakarta Barat
Flyover Pasar Rebo;Jakarta Timur
Sutan Syahrir;Jakarta Pusat
Tol Kuningan-Cawang;
Kemang Utara 7A;Jakarta Selatan
Kramat Pulo Gundul;Jakarta Pusat
Kramat Pulo;Jakarta Pusat
Pengadegan Selatan;Jakarta Selatan
Belimbing Raya;Jakarta Barat
Karet Pasar Baru Timur 3;Jakarta Pusat
Howitzer;Jakarta Pusat
Alam Segar 5;Jakarta Selatan
Rawa Lele;Jakarta Barat
Bangka 10;Jakarta Selatan
Jalan Mekarsari;Depok
Teluk Betung Blvd;Jakarta Pusat
Exit Cakung Timur/Cilincing;Jakarta Timur
Bendungan Hilir 4;Jakarta Pusat
Pekapuran 1;Jakarta Barat
Exit Kembangan/Cengkareng;Jakarta Barat
Jati Utama Raya;Bekasi
Taman Surya Blvd;Jakarta Barat
Mesjid Bendungan 1;Jakarta Timur
Palem Raja Barat;Jakarta Barat
Tirtayasa 7;Jakarta Selatan
Pantai Indah Utara 1;Jakarta Utara
Exit Rorotan/Semper/KBN;Jakarta Utara
Arah Bundaran HI/Monas;Jakarta Pusat
Exit 22: Cipete/Pd Labu;Jakarta Selatan
Jalan Danau Toba;Jakarta Pusat
Pedurenan Masjid Raya;Jakarta Selatan
DR Muwardi 2;Jakarta Barat
Gunung Indah Raya;Tangerang Selatan
Tirtayasa;Jakarta Selatan
Exit Cakung Barat/Pulo Gadung;Jakarta Timur
Jalan Mesjid An Nur;Jakarta Selatan
Kebon Raya;Jakarta Barat
Widya Chandra 5;Jakarta Selatan
The Golf Island Blvd;Jakarta Utara
Selada 2;Tangerang Selatan
Exit Jembatan Tiga/Pluit;Jakarta Utara
Dharma Kencana;Jakarta Barat
Rawa Dolar;Bekasi
Exit 20: Pd Pinang/Kby Lama;Jakarta Selatan
Mangga Besar 12;Jakarta Barat
Flyover Mayjen Sutoyo;Jakarta Timur
Rasamala;Jakarta Selatan
Cibubur 1;Jakarta Timur
Bhakti;Jakarta Selatan
Jalan Indragiri;Jakarta Pusat
Exit 11: Karang Tengah/Ciledug/Cipondoh;Tangerang
Gang Dogol Karet Pedurenan;Jakarta Selatan
Warung Gantung;Jakarta Barat
Jalan Cilacap;Jakarta Pusat
Tomang Tinggi;Jakarta Barat
Gaya Motor;Jakarta Utara
Hang Lekir;Jakarta Selatan
Ciragil;Jakarta Selatan
Pekapuran 2;Jakarta Barat
Mega Kuningan Barat 3;Jakarta Selatan
Gerbang Tol Rawa Buaya Utara;Jakarta Barat
Exit Tol Jagorawi/Cibubur/Tol Lkr Bogor;Jakarta Timur
N1 Taman Stasiun Tanjung Priok;Jakarta Utara
DR Susilo Raya;Jakarta Barat
Rawa Badak;Jakarta Utara
Taman Sunter Indah;Jakarta Utara
Malaka Raya;Jakarta Timur
Suryo;Jakarta Selatan
Gelong Baru Tengah;Jakarta Barat
Jalan Danau Dampelas;Jakarta Pusat
Exit 06: Tol Lingkar Luar/Tol Jkt-Cikampek/Tol Jkt-Serpong;Jakarta Timur
Yos Sudarso (Jalur Lambat);Jakarta Utara
Lontar;Depok
BDN 1;Jakarta Selatan
Mega Kuningan Barat 6;Jakarta Selatan
Kemandoran Pluis;Jakarta Selatan
Wijaya 13;Jakarta Selatan
Pulo Gebang;Jakarta Timur
Kemangsari 2;Bekasi
Arah Tj.Priok/Koja/Semper (Lewat Tol);Jakarta Utara
Jalan Gereja Theresia;Jakarta Pusat
Cakra Raya;Depok
Sunter Permai Raya;Jakarta Utara
Kemanggisan 4;Jakarta Barat
Arah Meruya/Tangerang/Soekarno-Hatta (Lewat Jalan Tol);Jakarta Barat
Pisangan Raya;Tangerang Selatan
Sasak 1;Jakarta Barat
RP Soeroso;Jakarta Pusat
Exit 04: Pondok Gede/Jatiwaringin/Pondok Kelapa;Bekasi
Bintara 11;Bekasi
Pangkalan Jati 1;Jakarta Timur
Letjen S Parman (jalur lambat);Jakarta Barat
Tiang Bendera 4;Jakarta Barat
Sungai Bambu;Jakarta Utara
Kali Baru Timur 4;Jakarta Utara
Trikora Raya;Jakarta Timur
Sawo Manila;Jakarta Selatan
Ahmad Yani (Jalur Lambat);Jakarta Timur
Kelinkit;Jakarta Selatan
Inspeksi Ciliwung;Jakarta Pusat
Cipinang Cempedak 4;Jakarta Timur
Haji Jenih;Jakarta Timur
Rawa Terate 1;Jakarta Timur
dobek TNI AD;Jakarta Utara
Agung Karya 6;Jakarta Utara
Tanjung Duren Barat 4;Jakarta Barat
Pondasi;Jakarta Timur
Peninggaran Raya;Jakarta Selatan
Balai Pustaka Barat;Jakarta Timur
Kebon Kosong Raya;Jakarta Pusat
Kramat Kwitang 1B;Jakarta Pusat
Citra 2 Extension;Jakarta Barat
Jelambar Madya Barat;Jakarta Barat
Tipar Kav. PTB DKI;Jakarta Timur
Selangit;Jakarta Pusat
Bukit Duri Utara;Jakarta Selatan
Barkah 1;Jakarta Selatan
Exit Tj Priok/Pelabuhan/Cilincing;Jakarta Utara
Gusti Permata 1;Jakarta Utara
Barata Raya;Tangerang
Kartini 8;Jakarta Pusat
Roa Malaka Utara;Jakarta Barat
Jalan Pamekasan;Jakarta Pusat
Kenanga 1;Jakarta Timur
Taman Galaxy Raya;Bekasi
Haji Muchtar Raya;Jakarta Selatan
Flyover Pramuka-Salemba;Jakarta Pusat
Tarian Raya Barat;Jakarta Utara
Gading Raya - Pisangan Timur;Jakarta Timur
Tunas Beringin 1;Jakarta Utara
Haji Mean;Tangerang
Duri Selatan;Jakarta Barat
T3 Departure;Tangerang
Jalan C2;Tangerang
Veteran 2;Jakarta Pusat
Pluit Karang Jelita;Jakarta Utara
Cipinang Cempedak 1;Jakarta Timur
Nangka Raya;Jakarta Selatan
Bintaro Utama 3;Tangerang Selatan
Royal Boulevard;Jakarta Timur
Pluit Karang Utara Raya;Jakarta Utara
Salam Raya;Jakarta Barat
Jalan P2;Tangerang
Haji Abdul Gani;Tangerang Selatan
Bukit Duri Timur;Jakarta Selatan
Tanah Seratus;Tangerang
Kembang Raya;Jakarta Pusat
Laode M Nasim;Jakarta Utara
Swadaya 1;Jakarta Selatan
Muara Angke;Jakarta Utara
Jalan Raya Bandara Soekarno-Hatta;Tangerang
Batu Mulia;Jakarta Barat
Kalibaru Timur;Jakarta Pusat
Sunter Hijau Raya;Jakarta Utara
Kenanga;Jakarta Selatan
Kertanegara;Jakarta Selatan
Tanah Kusir 2;Jakarta Selatan
Pinding;Jakarta Selatan
Mangga Dua 1;Jakarta Barat
Hadiah 1;Jakarta Barat
Cilandak 1;Jakarta Selatan
Jembatan Besi 2;Jakarta Barat
Kebon Jeruk 9;Jakarta Barat
Rambutan;Jakarta Selatan
Komarudin;Jakarta Timur
Lapangan Banteng Barat;Jakarta Pusat
Wisma Jaya;Jakarta Timur
Kemuning;Jakarta Barat
Pertengahan;Jakarta Timur
Perintis Kemerdekaan (Jalur Lambat);Jakarta Utara
Tulodong Atas 2;Jakarta Selatan
Trembesi;Jakarta Utara
Wijaya Kusuma;Jakarta Barat
Kapuk Bulak Tengah 2;Jakarta Timur
Paseban;Jakarta Pusat
Cipete 8;Jakarta Selatan
Jalan F (Utan Panjang);Jakarta Pusat
Sunter Garden;Jakarta Utara
Durian;Jakarta Selatan
Gerbang Tol Tebet 1;Jakarta Selatan
Karyawan 4;Tangerang
Inspeksi Kirana;Jakarta Utara
Hadiah Utama;Jakarta Barat
Mangga Besar 7;Jakarta Barat
Tebet Timur Dalam 2;Jakarta Selatan
Menteng Pulo 2;Jakarta Selatan
Arah masuk Plaza Atrium;Jakarta Pusat
Harapan Baru Timur;Bekasi
Tanjung Duren Utara 10;Jakarta Barat
Exit Tomang/Harmoni;Jakarta Barat
Pembina Raya;Jakarta Timur
Haji Hasan;Jakarta Timur
Jalan Ciranjang;Jakarta Selatan
Jalan Museum;Jakarta Pusat
Arah Bekasi/Cikampek/Bandung;Jakarta Timur
Bambu Larangan;Jakarta Barat
Jalan J (Kebon Baru);Jakarta Selatan
Lingkar Situ Babakan;Jakarta Selatan
Taman Daan Mogot;Jakarta Barat
Tenggiri;Jakarta Utara
Cakrawala 2;Jakarta Utara
Agung Raya 2;Jakarta Selatan
Kelinci Raya;Jakarta Pusat
Cendrawasih;Tangerang Selatan
Rawamangun Muka Timur;Jakarta Timur
Exit 23: Cipete/Pd Labu;Jakarta Selatan
N1 Jembatan Dua Barat;Jakarta Utara
Ahmad Yani;Jakarta Selatan
Persahabatan;Jakarta Selatan
Limo;Jakarta Selatan
Bangka 7;Jakarta Selatan
Haji Dogol;Jakarta Timur
Taruna Raya;Jakarta Timur
Pluit Raya 1;Jakarta Utara
Kodam Bintaro;Jakarta Selatan
Prof Dr Ir Sutami;Depok
Perdana;Jakarta Barat
Flyover Rawa Buaya;Jakarta Barat
Sawah Balong;Jakarta Barat
Flyover Galur;Jakarta Pusat
Exit 09: Tol Lingkar Luar/Tol Jkt-Serpong/Tol Jkt-Cikampek/Soekarno-Hatta;Jakarta Timur
Casa;Jakarta Pusat
Malaka 2;Jakarta Barat
Flamboyan;Jakarta Barat
Gerbang Tol Bambu Apus 1;Jakarta Timur
Sagu;Jakarta Selatan
Buana Biru Besar;Jakarta Barat
Exit 49: Bintara/Pdk Kopi/Pulo Gebang;Bekasi
Town House Cordoba;Jakarta Utara
Perindustrian Raya;Depok
Kemang Barat;Jakarta Selatan
Kemang 6;Jakarta Selatan
Duapuluh Desember;Jakarta Barat
Cengkareng Drain Timur;Jakarta Barat
Mampang Prapatan 11;Jakarta Selatan
Gerbang Tol Bambu Apus 2;Jakarta Timur
Gerbang Tol Ampera 1;Jakarta Selatan
Arah Ciledug/Bintaro/Bogor (Lewat Jalan Tol);Jakarta Barat
Kelurahan 1;Jakarta Timur
Exit Plumpang;Jakarta Utara
Bintaro Taman Barat;Jakarta Selatan
Kramat Sawah Baru;Jakarta Pusat
Mega Kuningan Barat 10;Jakarta Selatan
Masjid 1 Karet Tengsin;Jakarta Pusat
Exit Bambu Apus/Cilangkap/Tol Jkt-Cikampek;Jakarta Timur
Palapa Raya;Jakarta Barat
Kunir;Jakarta Barat
Exit 15: Cibubur/Cikeas/Cileungsi;Jakarta Timur
Taman Kota;Jakarta Barat
Purnawarman;Tangerang Selatan
Gunung Sahari 4;Jakarta Pusat
Mangga;Jakarta Utara
Tebet Dalam 1;Jakarta Selatan
Sarpa;Jakarta Selatan
Taman Bunga;Jakarta Timur
Sunter Jaya 2A;Jakarta Utara
Garden Blvd;Jakarta Barat
Taruna Raya;Jakarta Pusat
Kelapa Kopyor Raya;Jakarta Utara
Flyover Yos Sudarso;Jakarta Utara
Pengadegan Selatan 5;Jakarta Selatan
Sanjaya 1;Jakarta Selatan
Manggarai Utara 8;Jakarta Selatan
Jalan Kebon Baru;Jakarta Utara
Mampang Prapatan 15;Jakarta Selatan
Bujana Tirta 6;Jakarta Timur
Cidodol;Jakarta Selatan
Batu;Jakarta Selatan
Anuraga;Jakarta Selatan
Jelambar Madya;Jakarta Barat
Purnawarman;Jakarta Selatan
Permata Artha Gading;Jakarta Utara
Kayu Manis;Jakarta Timur
Japos Raya;Tangerang Selatan
Arah Pd Gede/Tol Jakarta-Cikampek;Jakarta Timur
Brawijaya 3;Jakarta Selatan
Exit Tj Duren/Grogol/Daan Mogot;Jakarta Barat
Hang Tuah 10;Jakarta Selatan
Gerbang Tol Gedong 2;Jakarta Timur
Perintis Kemerdekaan (Jalur Lambat);Jakarta Timur
Setiabudi Barat;Jakarta Selatan
Jalan Banyumas;Jakarta Pusat
Exit 07: Tomang/Tangerang/Merak;Jakarta Barat
Ketapang Raya;Tangerang
Warga;Jakarta Selatan
Arah Tol Jakarta-Tangerang;Jakarta Barat
Pancoran Timur 3;Jakarta Selatan
Kali Besar Barat;Jakarta Barat
Daksa 4;Jakarta Selatan
Mangga Besar 4M;Jakarta Barat
Manunggal Juang;Jakarta Utara
PAM Lama;Jakarta Pusat
Arah Cakung/Tol Lingkar Luar/Tol Jakarta-Cikampek;Jakarta Utara
Erlangga;Jakarta Selatan
Bakti;Jakarta Selatan
Sawo 4;Jakarta Selatan
Prof DR Hamka;Tangerang
Gerbang Tol Angke 2;Jakarta Barat
Karyawan;Jakarta Barat
Pucuk Beringin;Jakarta Utara
Kota Bambu Utara 2;Jakarta Barat
Arah Tol Jkt-Serpong/Bintaro/Tol Jagorawi (Lewat Jalan Tol);Jakarta Selatan
Regensi Kebon Jeruk;Jakarta Barat
Underpass Cawang;Jakarta Timur
Mabad Bawah 3;Tangerang Selatan
Kalibata Utara 2;Jakarta Selatan
Hidup Baru 2;Jakarta Utara
Haji Mohammad Naim 1;Jakarta Selatan
Pondok Pesantren;Depok
Mantang;Jakarta Utara
Pal Batu 3;Jakarta Selatan
Pekojan 3;Jakarta Barat
Seha;Jakarta Selatan
Tebet Utara 1;Jakarta Selatan
Haji Karim;Jakarta Timur
Manunggal Juang;Jakarta Selatan
Rawamangun Muka Selatan 1;Jakarta Timur
Pintu Air 5;Jakarta Pusat
Menara 4;Jakarta Barat
Setiabudi Selatan Raya;Jakarta Selatan
Agung Timur 9;Jakarta Utara
Hang Lekir 1;Jakarta Selatan
KH Muhasyim;Jakarta Selatan
Jelambar Utama Raya;Jakarta Barat
Grogol Pulo Mangga;Depok
Lereng Indah;Depok
Ebony Golf 2;Jakarta Utara
Kembangan Utama;Jakarta Barat
Gerbang Tol Pondok Pinang;Jakarta Selatan
Haji Ipin;Jakarta Selatan
Jalan P1;Tangerang
Swadaya 2;Jakarta Selatan
Gandaria 3;Jakarta Selatan
Kepanduan 1;Jakarta Utara
Tanah Cimo;Depok
Pijar;Jakarta Timur
Jalan Samping Pertamina;Jakarta Utara
BDN 2;Jakarta Selatan
Kesederhanaan;Jakarta Barat
Lapangan Merah;Jakarta Barat
Tipar;Jakarta Timur
Warakas 1;Jakarta Utara
Taman Pendidikan 3;Jakarta Selatan
Green Papyrus;Jakarta Barat
Naman Iskandar;Depok
Rajawali Selatan 12;Jakarta Pusat
Mawar Merah Baru;Jakarta Timur
Merpati;Jakarta Selatan
Jalan Siak;Jakarta Utara
Sepat 1;Jakarta Selatan
Taruna Jaya;Jakarta Timur
Suluki Cempaka;Bekasi
Jati Rangga;Bekasi
Alam Raya;Jakarta Barat
Kemenangan 3;Jakarta Barat
Kayu Manis 10;Jakarta Timur
Pondok Baru 3;Jakarta Timur
KH Royani;Jakarta Selatan
Bunga;Jakarta Timur
Tegal Parang Selatan 1 (Haji Ali);Jakarta Selatan
IPN Kebon Nanas;Jakarta Timur
Talas 2;Tangerang Selatan
Tenggiri;Jakarta Timur
Pesantren;Tangerang
Jalan Desa Putra;Jakarta Selatan
Exit Tol Jagorawi/Tol Lkr Dalam/Cawang;Jakarta Timur
Swadaya;Tangerang
Haji Toran;Tangerang Selatan
Prof Dr Miriam Budiardjo;Jakarta Selatan
Pluit Karang Karya 1;Jakarta Utara
Wijaya Kusuma;Bekasi
Al Hidayah;Jakarta Timur
Sawah Mede;Jakarta Barat
Sunter Permai Jaya 2;Jakarta Utara
Cipinang Besar;Jakarta Timur
Kebon Bawang;Jakarta Utara
Cilincing Kelapa;Jakarta Utara
Jembatan Cipayung Raya;Jakarta Timur
Mandor Ramin;Jakarta Barat
Prof Dr Miriam Budiardjo;Depok
Senayan;Jakarta Selatan
Kramat Ganceng;Bekasi
Jalan Irian;Jakarta Utara
Kelurahan Bintara Jaya;Bekasi
Jalan SMP 126;Jakarta Timur
Pringgodani;Depok
Gerbang Tol Jelambar 2;Jakarta Barat
Arah TMII/Bogor (Lewat Jalan Tol);Jakarta Timur
Yanatera 5;Bekasi
Baung;Jakarta Selatan
Warakas 3;Jakarta Utara
Kompleks DKI Joglo;Jakarta Barat
Jeruk Joglo Timur;Jakarta Barat
Assyafi'iyah;Jakarta Timur
Kebembem Raya;Jakarta Selatan
Musik Raya;Jakarta Utara
Gerbang Tol Jatiwaringin 2;Jakarta Timur
Gardu - Balekambang;Jakarta Timur
Pantai Indah;Jakarta Utara
Pulo Mas Barat 6;Jakarta Timur
Cempaka Baru Timur;Jakarta Pusat
Jatinegara Lio;Jakarta Timur
Benda Dalam;Jakarta Selatan
Haji Muhammad Nail;Depok
Cempaka Putih Utara;Jakarta Pusat
Durian;Bekasi
Pete 6;Jakarta Selatan
Karyawan 3;Tangerang
Budi Mulya Utara;Jakarta Utara
Parung Jaya;Tangerang
Warakas Gang 4;Jakarta Utara
Material;Jakarta Selatan
Perkutut;Tangerang Selatan
Haji Jusin;Jakarta Timur
Flamboyan Golf Raya;Jakarta Utara
Kebon Baru Utara;Jakarta Selatan
Arah Ragunan/Pasar Minggu/Kampung Rambutan;Jakarta Selatan
Kawasan Wisata Ancol;Jakarta Utara
Jagakarsa 2;Jakarta Selatan
Flyover Tomang;Jakarta Barat
Al Barokah;Jakarta Selatan
Underpass Ciledug;Tangerang
Adhyaksa Raya;Tangerang
Kenari 2;Jakarta Pusat
Rawa Sengon;Jakarta Utara
Waduk Pluit Selatan;Jakarta Utara
Lenteng Agung Raya;Jakarta Selatan
Green Ville Raya;Jakarta Barat
Alang;Depok
Simprug Golf 3;Jakarta Selatan
Sedap Malam;Bekasi
Delima Raya;Jakarta Timur
Asparagus;Jakarta Barat
Mandala Bahari;Jakarta Utara
Jalan Carita;Depok
Kukusan;Jakarta Selatan
Kalibaru Timur 3;Jakarta Pusat
Dharma Griya Raya;Jakarta Barat
Palem;Jakarta Selatan
Kesehatan;Jakarta Timur
Flamboyan;Bekasi
Pangrango Terusan;Bekasi
Gerbang Tol Pedati;Jakarta Timur
Jelambar Barat 3;Jakarta Barat
Taman Jeruk Blvd;Jakarta Barat
Vila Bukit Raya;Tangerang Selatan
Prepedan Dalam;Jakarta Barat
Pademangan 5;Jakarta Utara
Manunggal 17;Jakarta Timur
Arah Soekarno-Hatta/Pluit (Lewat Jalan Tol);Jakarta Utara
Green Garden Blok N5;Jakarta Barat
Exit 04: Daan Mogot/Rawa Buaya/Kalideres;Jakarta Barat
Kebon Kacang 1;Jakarta Pusat
Kemanggisan Pulo;Jakarta Barat
Cipinang Muara 2;Jakarta Timur
Duri Selatan 1;Jakarta Barat
Lumut Hijau 1;Depok
Salemba Bluntas;Jakarta Pusat
Erlangga 5;Jakarta Selatan
Buni;Jakarta Timur
Citra 2;Jakarta Barat
Pajak Raya;Tangerang Selatan
Kalianyar;Jakarta Barat
Garuda;Jakarta Selatan
Underpass Pasar Minggu;Jakarta Selatan
Cucakrawa;Jakarta Selatan
Haji Saili;Jakarta Barat
Teluk Jakarta 8;Jakarta Utara
Lake Garden Blvd;Jakarta Timur
N6 Tentara Pelajar;Jakarta Pusat
Musyawarah;Jakarta Barat
Arah Jakarta (Lewat Jalan Tol);Jakarta Barat
Madrasah 1;Jakarta Barat
Jalan Muria Raya;Jakarta Selatan
Timbul 4;Jakarta Selatan
DR Makaliwe Raya;Jakarta Barat
Kemang 5 - Gumuk;Jakarta Selatan
Terminal Kampung Rambutan;Jakarta Timur
Tambora 3;Jakarta Barat
Panjang Cidodol;Jakarta Barat
Palapa 11;Jakarta Selatan
Gerbang Tol Bintara;Bekasi
Persatuan;Depok
Pahlawan;Jakarta Selatan
Gotong Royong;Jakarta Selatan
Simprug Golf 1;Jakarta Selatan
Warung Jati Timur 2;Jakarta Selatan
Kramat 1;Jakarta Selatan
Kangkung;Jakarta Selatan
Jalan Jakarta;Depok
Jalan Timor;Jakarta Pusat
Gaharu 2;Jakarta Selatan
Jalan SMPN 160;Jakarta Timur
Jaya Makmur;Jakarta Timur
Mampang Prapatan 4;Jakarta Selatan
Sarang Bango;Jakarta Utara
Pluit Karang Permai;Jakarta Utara
Terusan Hang Lekir 2;Jakarta Selatan
Komplek Bina Marga;Jakarta Timur
Karya;Jakarta Barat
Cipaku 2;Jakarta Selatan
Kecapi 5;Jakarta Selatan
Krendang Selatan 1;Jakarta Barat
Patal Senayan Simprug;Jakarta Selatan
Simprug Garden;Jakarta Selatan
Rawa Selatan 4;Jakarta Pusat
Akses Timur PIK 2;Kosambi
Chairil Anwar;Tangerang
Jalan Metro Jaya;Jakarta Timur
Jalan U Raya (Palmerah);Jakarta Barat
Kebantenan 3;Jakarta Utara
Pakembangan 1;Jakarta Barat
Penyelesaian Tomang 4;Jakarta Barat
Palmerah Barat 6;Jakarta Barat
Tugu Raya;Depok
Tanjung Duren Utara 1A;Jakarta Barat
Teluk Betung 1;Jakarta Pusat
Kayu Manis 8;Jakarta Timur
Bacang;Jakarta Pusat
Mabes 2;Bekasi
Jalan Malabar;Jakarta Selatan
Agung Timur 1;Jakarta Utara
Caraka Buana Raya;Tangerang Selatan
Jalan Sungai Bogowonto;Jakarta Utara
Arah Bundaran HI/Monas/Kota;Jakarta Pusat
Palem Raya;Jakarta Barat
Terate;Jakarta Barat
Kemuning;Jakarta Timur
Jelambar Selatan;Jakarta Barat
Lewa;Jakarta Timur
Cempaka Baru 7;Jakarta Pusat
Sabar Raya;Jakarta Selatan
Sunan Drajat;Jakarta Timur
Kebon Kacang 41;Jakarta Pusat
Manggis 1;Jakarta Selatan
Rawa Jaya;Jakarta Timur
Gabus;Jakarta Utara
Jiin Gatong 2;Tangerang Selatan
Muncang;Jakarta Utara
Danau Permai Raya;Jakarta Utara
City Resort Blvd;Jakarta Barat
Kampung Baru 5;Jakarta Selatan
DR Sutomo;Jakarta Barat
Exit Kapuk/Kamal;Jakarta Utara
Gerbang Tol Pondok Kelapa 2;Jakarta Timur
Sebret;Jakarta Selatan
Gerbang Tol Veteran;Jakarta Selatan
Villa Taman Bandara;Kosambi
Karya Bakti;Jakarta Timur
Pangadegan Barat;Jakarta Selatan
Pulo Mas Raya;Jakarta Timur
Setiakawan Ujung;Jakarta Pusat
Merak;Tangerang Selatan
Arah Kuningan;Jakarta Selatan
Kayu Manis 1;Tangerang Selatan
Pademangan 3;Jakarta Utara
Tomang Utara 1;Jakarta Barat
TK Ria;Jakarta Timur
Sawah Lio;Jakarta Barat
Mangga 2;Jakarta Barat
Galursari Timur;Jakarta Timur
Mahakam 1;Jakarta Selatan
Gading Elok Utara;Jakarta Utara
Pondok Cipta Raya;Bekasi
Kemurnian 4;Jakarta Barat
Inpres Tengah;Jakarta Timur
Haji Hanapi;Jakarta Timur
Jelambar Selatan 1;Jakarta Barat
Gili Sampeng;Jakarta Barat
Al Amin;Jakarta Timur
Sirtu;Jakarta Barat
Drs H TH M Gobel;Depok
Damai Raya;Jakarta Selatan
Haji Najih;Tangerang
Pangkalan Jati 7;Jakarta Timur
Cendrawasih;Bekasi
Salam 1;Jakarta Barat
Haji Kair;Jakarta Selatan
Flyover Kelapa Gading-Pegangsaan;Jakarta Utara
Bangunan Barat;Jakarta Timur
Plaza De Lumina Raya;Jakarta Barat
Prumpung Timur;Jakarta Timur
Situ Gede Raya;Jakarta Timur
Pulo Kambing;Jakarta Timur
Tebah 2;Jakarta Selatan
WIjaya Kusuma;Jakarta Selatan
Jalan SMEA 6;Jakarta Timur
Swakarsa 4;Jakarta Timur
Cempaka Mas Utama;Jakarta Pusat
Karet;Depok
Pengadegan Utara;Jakarta Selatan
Arah Cibubur/Cisalak/Jakarta;Jakarta Timur
Buperta;Depok
Radar 1;Jakarta Timur
Kebon Nanas;Jakarta Timur
Biru Laut Timur;Jakarta Utara
Jalan Yayasan;Jakarta Timur
Bisma Raya;Jakarta Utara
Sakura;Jakarta Barat
Swadaya Raya;Bekasi
Buperta;Jakarta Timur
Rancho Indah;Jakarta Selatan
Kota Bambu Selatan 4;Jakarta Barat
Rawa Domba;Jakarta Timur
Bekasi Timur 4;Jakarta Timur
Maja;Jakarta Utara
Cempaka 1;Jakarta Pusat
Eka Lima;Jakarta Pusat
Panca Warga 3;Jakarta Timur
Batavia Marina;Jakarta Utara
Pisangan Baru Tengah 3;Jakarta Timur
Pulo Mas Utara;Jakarta Timur
Serdang Baru;Jakarta Pusat
Teluk Utara;Jakarta Utara
Haji Bona;Depok
Doktor Sumarno;Jakarta Timur
Jalan Gunung Merapi;Jakarta Barat
Pinus Raya;Tangerang
Anggrek Nelimurni;Jakarta Barat
Dr Abdul Rahman Saleh 1;Jakarta Pusat
Karang Anyar B;Jakarta Pusat
Rengas Raya;Jakarta Selatan
Gandaria;Jakarta Timur
Minangkabau Dalam;Jakarta Selatan
Sinar Jaya;Jakarta Timur
Tarumanegara;Tangerang Selatan
Kemang Village Dr;Jakarta Selatan
Bentengan 2;Jakarta Utara
Gadang;Jakarta Utara
Jalan Mesjid Rawa Bacang;Bekasi
Exit 05: Meruya/Kembangan/Joglo;Jakarta Barat
Jalan K (Mampang Prapatan);Jakarta Selatan
DR Semeru Raya;Jakarta Barat
Al Jihad;Jakarta Utara
Arah Kampung Melayu/Tebet/Tanah Abang;Jakarta Timur
Arah Joglo/Bintaro/Bogor (Lewat Jalan Tol);Jakarta Barat
Jalur Lambat Medan Merdeka Selatan;Jakarta Pusat
Gerbang Tol Jaka Sampurna;Bekasi
Tol Cengkareng-Kunciran;
Kantor Lurah Pondok Pucung;Tangerang
Inspeksi PAM;Jakarta Timur
Cililitan Kecil 3;Jakarta Timur
Bulak Ringin;Jakarta Timur
Gunung Sahari 11;Jakarta Pusat
Kampung Melayu Besar 1;Jakarta Selatan
Tanah Abang 5;Jakarta Pusat
Rawa Gelam 1;Jakarta Timur
Nangka 1;Jakarta Selatan
Bintaro Tengah;Tangerang Selatan
Pluit Permai;Jakarta Utara
Taman Alfa Indah;Jakarta Selatan
Arah Tanjung Priok/Tol Sediyatmo/Soekarno-Hatta;Jakarta Barat
Cemara Raya;Bekasi
Sunan Ampel;Jakarta Selatan
Pluit Samudra 2;Jakarta Utara
Pademangan 2;Jakarta Utara
Taman Palem Raya;Jakarta Barat
Jalan Pasar Minggu;Jakarta Barat
Wijaya Kusuma;Jakarta Timur
Cikini 1;Jakarta Pusat
Cipinang Sodong Raya;Jakarta Timur
Arah Jati Asih/Jati Warna/Tol Jagorawi/Tol Jkt-Serpong;Bekasi
Sawah Lio 5;Jakarta Barat
Agung Perkasa Raya;Jakarta Utara
Exit Rawamangun/Salemba/Pulo Gadung;Jakarta Timur
Haji Yusuf;Tangerang
Kebon Jahe;Jakarta Barat
Wijaya 9;Jakarta Selatan
Rawa Buaya;Jakarta Barat
Rajawali Utara;Jakarta Utara
Malaka;Jakarta Timur
Penyelesaian Tomang 5;Jakarta Barat
Kemang Raya;Bekasi
Bangka 11;Jakarta Selatan
Wacung;Jakarta Utara
Cikini 4;Jakarta Pusat
Wadas 3;Bekasi
Layar Permai 4;Jakarta Utara
Kalibaru Barat;Jakarta Pusat
Haji Baping;Jakarta Timur
Pengadegan Timur;Jakarta Selatan
Jalan Masjid Al-Khairaat;Jakarta Timur
Gerbang Tol Pejompongan;Jakarta Pusat
Gerbang Tol Cakung Utara;Jakarta Timur
Pluit Putri;Jakarta Utara
Arcadia Daan Mogot;Tangerang
Musi 5;Tangerang
Pasar Baru Selatan;Jakarta Pusat
Fatmawati City Centre;Jakarta Selatan
Pademangan Raya;Jakarta Utara
Salak;Jakarta Selatan
Dukuh Patra Raya;Jakarta Selatan
Kebahagiaan Utara;Jakarta Barat
Jatinegara Timur 4;Jakarta Timur
DR Muwardi Raya;Jakarta Barat
Arah Pondok Kelapa/Bintara/Tanjung Priok;Bekasi
SMP Mabad;Tangerang Selatan
Bunga Rampai Raya;Jakarta Timur
Taman Surya Utama 1;Jakarta Barat
Jalan Inspeksi Saluran Kalimalang;Jakarta Timur
Jelambar Utara;Jakarta Barat
Toar 1;Jakarta Utara
Jelambar Fajar;Jakarta Utara
Rawa Papan;Jakarta Selatan
Mandor Hasan;Jakarta Timur
Cakra Buana 2;Jakarta Timur
Kencana Timur;Jakarta Barat
Kedelai 1;Jakarta Barat
Arah Tol Lkr Luar Barat/Daan Mogot/Kebon Jeruk;Jakarta Utara
Curugan;Depok
Arah Rawa Simprug/Kebayoran Lama/Pakubuwono;Jakarta Selatan
Haji Basyar;Bekasi
Macan;Jakarta Barat
Biduri Bulan 3;Jakarta Selatan
N6 Underpass Pasar Jumat-Ciputat;Jakarta Selatan
Damar;Jakarta Pusat
Mangga Dua Abdad;Jakarta Pusat
Hang Lekiu 3;Jakarta Selatan
Arah Tendean/Pancoran;Jakarta Selatan
Pembangunan 1;Tangerang
Taman Widya Chandra;Jakarta Selatan
Ir H Juanda 3;Jakarta Pusat
Haji Terin;Depok
Budi Indah;Jakarta Barat
Komplek Sandang;Jakarta Timur
Jalan Masjid Al Fajri;Jakarta Selatan
Cabe 5;Tangerang Selatan
Rawasari Timur;Jakarta Pusat
Cikoko Timur;Jakarta Selatan
Cawang Baru Tengah;Jakarta Timur
Jalan Tembus Jakarta Garden City;Jakarta Timur
Peninggaran Timur 2;Jakarta Selatan
Kartini;Jakarta Selatan
Batu Pandan;Jakarta Timur
Mesjid Al-Bariyah;Jakarta Timur
KH Abdul Rohim;Jakarta Selatan
Flyover Pondok Bambu;Jakarta Timur
Rawa Melati A;Jakarta Barat
Jalan Sungai;Jakarta Selatan
JGC Blvd;Jakarta Timur
Persatuan Guru;Jakarta Pusat
Flyover Ahmad Yani;Jakarta Timur
Jalan SMP 122;Jakarta Utara
Batu Ampar 4;Jakarta Timur
Pisangan Baru Utara;Jakarta Timur
Menpor;Depok
Flyover Cawang;Jakarta Timur
Flyover TB Simatupang;Jakarta Selatan
Tawakal 11;Jakarta Barat
Karang Bolong Raya;Jakarta Utara
Cabe 3;Tangerang Selatan
Exit Bambu Apus/Ceger/Kp Rambutan/TMII;Jakarta Timur
Fatmawati (jalur lambat);Jakarta Selatan
Sungai Sambas 6;Jakarta Selatan
Krekot Bunder;Jakarta Pusat
Komarudin 1;Jakarta Timur
Kartini 3;Jakarta Pusat
Kampung Dukuh Raya;Jakarta Selatan
Swasembada Barat 6;Jakarta Utara
Taman Jeruk Utama;Jakarta Barat
Puri Elok 1;Jakarta Barat
Winong;Tangerang
Siantan;Jakarta Barat
Rawa Gelam 3;Jakarta Timur
Manggar;Jakarta Utara
Abadi;Tangerang Selatan
Persatuan Raya;Jakarta Selatan
Perjuangan;Jakarta Timur
Kakatua;Tangerang Selatan
Tanjung Gedong Baru;Jakarta Barat
Kranggan;Bekasi
Vila Cinere Mas;Depok
Pluit Indah;Jakarta Utara
Setiakawan;Jakarta Pusat
Widya Chandra;Jakarta Selatan
Haji Jian Raya;Jakarta Selatan
Exit 08: Kembangan/Tol Lingkar Luar/Tol Jagorawi/Soekarno-Hatta;Jakarta Barat
Swadaya;Jakarta Timur
Ebony Golf Raya;Jakarta Utara
Sukarela;Jakarta Utara
Exit Bend Hilir/Senayan/Kebayoran;Jakarta Pusat
Bukit Kencana;Bekasi
Kelapa Hijau;Jakarta Selatan
Aipda KS Tubun 1;Jakarta Barat
Pekayon;Jakarta Selatan
Bintara Jaya Permai;Bekasi
Anggrek Garuda;Jakarta Barat
Kramat Jaya Baru;Jakarta Pusat
Ismail;Jakarta Selatan
Gedung Hijau 1;Jakarta Selatan
Taman Pulo Asem Utara;Jakarta Timur
Jelambar Barat 1;Jakarta Barat
Kavling DKI (Meruya Selatan);Jakarta Barat
Talas 1;Tangerang Selatan
Karet Pasar Baru Timur 2;Jakarta Pusat
Kembang Kencana;Jakarta Barat
Kalisari 2;Jakarta Timur
Bintara Cipta Utara;Bekasi
Arah Jatinegara/Tj Priok/Tol Jagorawi;Jakarta Timur
Jati Padang Baru;Jakarta Selatan
Ki Hajar Dewantara;Jakarta Barat
Pribumi Raya;Tangerang
Kemangsari 1;Bekasi
Kayu Manis 7;Jakarta Timur
Patra Kuningan Utara;Jakarta Selatan
Gatot Subroto;Jakarta Barat
Daan Mogot Blvd;Jakarta Barat
Flyover Senayan;Jakarta Pusat
Garnisun Dalam;Jakarta Selatan
Jati Bunder;Jakarta Pusat
Aselih;Jakarta Selatan
Taman Asri Lama;Tangerang
Assirot;Jakarta Selatan
Komando Raya;Jakarta Selatan
Pancoran Barat 6;Jakarta Selatan
Bhakti;Jakarta Utara
Way Besay;Jakarta Barat
Gaya Motor 2;Jakarta Utara
Pepaya;Jakarta Selatan
Green Garden Tengah;Jakarta Barat
Bayam;Tangerang Selatan
Taman Rasuna Timur;Jakarta Selatan
Jalan Danau Poso;Jakarta Pusat
Arah Pd Kelapa/Bintara/Tj Priok;Bekasi
Duta Pelni;Depok
Acordion;Jakarta Utara
Panca Warga 1;Jakarta Timur
Angkasa (Kemayoran);Jakarta Pusat
Kampung Melayu Besar;Jakarta Timur
Exit Serpong/Cilangkap/Tol Jkt-Cikampek;Jakarta Timur
Jalan C3;Tangerang
Gerbang Tol Kampung Rambutan;Jakarta Timur
Kebagusan Dalam 1;Jakarta Selatan
Rawajati Barat 2;Jakarta Selatan
Dukuh 5;Jakarta Timur
Tiga Berlian;Depok
Pertanian Raya;Jakarta Selatan
Jalan E (Kebon Jeruk);Jakarta Barat
Nurul Hidayah;Jakarta Timur
Sukarela;Tangerang
Patra Raya;Jakarta Barat
Haji Gering;Bekasi
Grand Orchard;Jakarta Utara
Cikoko Timur 1;Jakarta Selatan
Tridharma Utama 4;Jakarta Selatan
Tanah Sereal 13;Jakarta Barat
Sedayu City Kelapa Gading;Jakarta Utara
Pademangan 1;Jakarta Utara
Kemurnian 6;Jakarta Barat
Prof Dr Sudjono D Pusponegoro;Depok
Pengadegan;Jakarta Selatan
Menteng Atas Dalam;Jakarta Selatan
Kebon Nanas 2;Jakarta Selatan
Sasak Raya;Depok
Arah Senayan/Blok M;Jakarta Selatan
Pasir Putih Raya;Jakarta Utara
Jalan Ciliman;Jakarta Pusat
Sunset Boulevard;Jakarta Selatan
Taman Sari 6;Jakarta Barat
T3 Arrival;Tangerang
Antara;Jakarta Pusat
Grand Poris;Tangerang
Kran Raya;Jakarta Pusat
Exit Jatinegara/Klender/Buaran;Jakarta Timur
Green Garden Blok M5;Jakarta Barat
Lebak Bulus 3;Jakarta Selatan
Bambu Kuning 1;Jakarta Timur
Jalur 20;Jakarta Barat
Jalan Langgar;Jakarta Selatan
Pilar Mas Raya;Jakarta Barat
Bekasi Barat 6;Jakarta Timur
Papanggo 1;Jakarta Utara
Tambora;Jakarta Barat
Jakasampurna;Bekasi
Taman Duta 1;Jakarta Selatan
Mindi;Jakarta Utara
Asem Nirbaya;Jakarta Timur
Kakap;Jakarta Utara
Akses Pelabuhan Samudera Nizam Zachman;Jakarta Utara
Farmasi;Jakarta Pusat
Kemang 5;Jakarta Selatan
Syaridin;Jakarta Selatan
Jalan Muria;Jakarta Selatan
Bandengan Utara;Jakarta Barat
Gang Famili;Jakarta Barat
Exit 8: Jatibening/Cikunir;Bekasi
Mercurius Timur;Tangerang Selatan
Garnisun;Jakarta Selatan
Rasamala 3;Jakarta Selatan
Kuningan Barat 1;Jakarta Selatan
Minangkabau Timur;Jakarta Selatan
Pengadegan Timur 1;Jakarta Selatan
Cemerlang;Bekasi
Tolo;Jakarta Barat
Jalan Kebayoran Baru;Jakarta Selatan
Mega Kuningan Barat;Jakarta Selatan
Mindi (Pembangunan I);Jakarta Utara
Kayu Besar Dalam;Jakarta Barat
Mangga 3;Jakarta Timur
SMA 63;Jakarta Selatan
Bintaro Permai;Tangerang Selatan
Apron;Jakarta Pusat
Golf Lake Blvd;Jakarta Barat
Arah Tol Layang MBZ;Bekasi
Nusa Jaya;Tangerang Selatan
Indraloka 2;Jakarta Barat
Delman Utama 1;Jakarta Selatan
Jalan P21;Tangerang
Haji Baun;Jakarta Selatan
Gang Rambutan;Bekasi
Penyelesaian Tomang 2;Jakarta Barat
Kusuma 1A;Jakarta Barat
Cempaka Putih Tengah 30;Jakarta Pusat
Exit Tebet/Manggarai/Pasar Minggu;Jakarta Selatan
Muara Jaya;Depok
Lapangan Bola;Jakarta Barat
Agung Perkasa 8;Jakarta Utara
Kamal Muara 5;Jakarta Utara
Kanari;Jakarta Timur
Gading Putih Raya;Jakarta Utara
Mandala Selatan;Jakarta Barat
Citra Garden City 6;Jakarta Barat
Hidup Baru 4;Jakarta Utara
Taman Patra 13;Jakarta Selatan
Jalan Masjid Darussalam;Jakarta Selatan
Cilincing Lama;Jakarta Utara
Pluit Karang Selatan;Jakarta Utara
Cendrawasih;Jakarta Barat
Rosela;Jakarta Barat
Sriwijaya 1;Jakarta Selatan
Gamprit 2;Bekasi
Pluit Karang Indah 8;Jakarta Utara
Samanea Blvd;Jakarta Barat
Haji Alwi;Jakarta Selatan
Mawar Raya;Tangerang Selatan
Tomang Asli;Jakarta Barat
Pancoran Barat 4;Jakarta Selatan
Kelapa Gading Permai;Jakarta Utara
Benda;Jakarta Selatan
Arah Cikampek (Lewat Jalan Tol);Bekasi
Patra Tomang Raya;Jakarta Barat
Jalan Tidore;Jakarta Pusat
Harapan Baru Regensi Selatan;Bekasi
Kebon Jahe Kober;Jakarta Pusat
Jalan Mataram;Jakarta Selatan
Jalan Masjid;Bekasi
Arah Cawang/Cililitan;Jakarta Timur
Arah Kalibata/Kampung Melayu;Jakarta Timur
Gerbang Tol Jati Warna 1;Bekasi
Puri Marina Raya;Jakarta Utara
Pisangan Lama Raya;Jakarta Timur
Gerbang Tol Pulogebang;Jakarta Timur
Haji Abdul Hamid 1;Jakarta Barat
Exit Setu/Cilangkap/Cipayung;Jakarta Timur
Puri Utama;Tangerang
Palakali;Depok
Biru Laut;Jakarta Timur
Martaip Selatan;Jakarta Barat
Kejaksaan 1;Jakarta Timur
Ahmad Yani (Arah Pramuka);Jakarta Timur
Sejahtera Raya;Tangerang
Manggarai Utara 5;Jakarta Selatan
Bungur Besar Raya;Jakarta Pusat
Jalan Raya Kodam;Jakarta Pusat
Tanjung Selor;Jakarta Pusat
Danau Indah Raya;Jakarta Utara
DI Panjaitan (Jalur Lambat);Jakarta Timur
Agung Permai 1;Jakarta Utara
Jalan Gelora;Jakarta Pusat
Purbaya;Jakarta Selatan
Arah Stasiun Jatinegara/Kampung Melayu;Jakarta Timur
Metro Alam 5;Jakarta Selatan
Exit Tol Prof Dr Ir Sedyatmo/Soekarno-Hatta;Jakarta Utara
Perum Nuansa Permai;Depok
Exit 19: Pd Pinang/Pd Indah/Lb Bulus;Jakarta Selatan
Exit RS Polri/Cawang/Tol Jkt-Cikampek;Jakarta Timur
Arah Tol Jagorawi/Tol Serpong;Bekasi
Haji Naimun;Jakarta Selatan
Kalideres Permai;Jakarta Barat
Kumala Artha Gading;Jakarta Utara
Underpass Mampang Kuningan;Jakarta Selatan
Mampang Prapatan 2;Jakarta Selatan
Salihara;Jakarta Selatan
Cipinang Indah Raya 2;Jakarta Timur
Pedurenan Masjid 2;Jakarta Selatan
Sunter Indah Raya;Jakarta Utara
Taman Bintaro;Jakarta Selatan
Taman Modern;Jakarta Timur
Gang Bakti;Depok
Duta Indah;Jakarta Selatan
Exit 28: Tol JORR/ Tol Tj. Priok/Tol Cikampek;Jakarta Timur
Kampung Baru 1;Jakarta Timur
Harapan Indah;Bekasi
Arah Tol Lkr Luar/Jati Asih/Bintara;Bekasi
Mandara Permai 6;Jakarta Utara
Jembatan 1;Jakarta Selatan
Permata Intan;Jakarta Utara
Nangka;Bekasi
Warakas 7;Jakarta Utara
Seroja;Jakarta Selatan
Kuningan Barat 2;Jakarta Selatan
Haji Muin;Depok
Paso;Jakarta Selatan
Bukit Gading Villa;Jakarta Utara
Abadi;Jakarta Timur
Jalan Stasiun Pondok Cina;Depok
Surya Sarana;Jakarta Barat
Suka Jaya;Jakarta Barat
Masjid Pekojan;Jakarta Barat
Laboraturium;Jakarta Selatan
Rawa Simprug 9;Jakarta Selatan
Bulak Sere;Jakarta Barat
Cempaka Putih Barat 26;Jakarta Pusat
Tebet Barat 8;Jakarta Selatan
Kamboja;Jakarta Timur
Exit 21: Pd Indah/Lb Bulus/Ciputat;Jakarta Selatan
Arah Pondok Indah/Lebak Bulus/Ciputat;Jakarta Selatan
Haji Toha;Bekasi
Arah Cawang;Jakarta Pusat
Genteng Ijo;Jakarta Selatan
Blok Duku;Jakarta Timur
Cirendeu Indah 2;Tangerang Selatan
Tanjung Barat Lama;Jakarta Selatan
Cipinang Permata;Jakarta Timur
Bhanda Ghara Reksa;Jakarta Utara
Exit 61: Semper Barat/Marunda/Cilincing;Jakarta Utara
Bermis Raya;Jakarta Utara
KH Ahmad Dahlan;Jakarta Barat
